,TRDAR_SE_C,TRDAR_SE_1,TRDAR_CD,TRDAR_CD_N,XCNTS_VALU,YDNTS_VALU,SIGNGU_CD,ADSTRD_CD,STDR_YM_CD
0,R,전통시장,1001453,낙성대시장,196121,442084,11620,11620585,201810
1,R,전통시장,1001454,봉천제일종합시장,195147,442413,11620,11620595,201810
2,R,전통시장,1001474,도곡시장,204551,444227,11680,11680650,201810
3,R,전통시장,1001475,강남개포시장,206065,443310,11680,11680670,201810
4,R,전통시장,1001412,화곡본동시장,186203,449328,11500,11500590,201810
5,R,전통시장,1001413,까치산시장,186493,448134,11500,11500593,201810
6,R,전통시장,1001414,송화골목시장,185468,449994,11500,11500611,201810
7,R,전통시장,1001452,중부시장,196125,442779,11620,11620575,201810
8,R,전통시장,1001415,방신전통시장,183436,452447,11500,11500630,201810
9,R,전통시장,1001416,공항시장,183061,451453,11500,11500640,201810
10,R,전통시장,1001423,독산동 우시장,190850,440835,11545,11545610,201810
11,R,전통시장,1001424,남문시장,191252,441586,11545,11545630,201810
12,R,전통시장,1001425,푸른터시장,191280,442074,11545,11545630,201810
13,R,전통시장,1001426,대명시장,191352,439419,11545,11545670,201810
14,R,전통시장,1001427,현대시장,191405,439748,11545,11545670,201810
15,R,전통시장,1001428,박미시장,191603,437870,11545,11545690,201810
16,R,전통시장,1001429,은행나무시장,191997,439104,11545,11545710,201810
17,R,전통시장,1001470,강남시장_강남,201829,446589,11680,11680510,201810
18,R,전통시장,1001372,녹번시장,193917,455718,11380,11380580,201810
19,R,전통시장,1001373,신응암시장,192811,454967,11380,11380590,201810
20,R,전통시장,1001374,대림골목시장,192695,454174,11380,11380600,201810
21,R,전통시장,1001480,새마을시장,207504,445512,11710,11710650,201810
22,R,전통시장,1001440,노량진중앙시장,195108,445854,11590,11590510,201810
23,R,전통시장,1001441,본동인정시장,195635,445813,11590,11590510,201810
24,R,전통시장,1001442,신노량진시장,194668,445449,11590,11590520,201810
25,R,전통시장,1001443,강남시장_동작,195878,444164,11590,11590530,201810
26,R,전통시장,1001444,상도전통시장,195766,444412,11590,11590530,201810
27,R,전통시장,1001445,영도시장,194738,444982,11590,11590540,201810
28,R,전통시장,1001446,성대시장,193926,444480,11590,11590550,201810
29,R,전통시장,1001375,증산종합시장,191630,453574,11380,11380640,201810
30,R,전통시장,1001376,수일시장,190738,453732,11380,11380650,201810
31,R,전통시장,1001460,관악신사시장,192646,442975,11620,11620685,201810
32,R,전통시장,1001461,신림종합시장,192665,442804,11620,11620685,201810
33,R,전통시장,1001462,강남골목시장,191582,442585,11620,11620725,201810
34,R,전통시장,1001463,신림중앙시장,192178,442651,11620,11620725,201810
35,R,전통시장,1001464,삼성동시장,194016,441265,11620,11620745,201810
36,R,전통시장,1001465,신신림시장,193991,441257,11620,11620745,201810
37,R,전통시장,1001466,미성동도깨비시장,192616,441651,11620,11620765,201810
38,R,전통시장,1001467,우림시장,192957,441202,11620,11620775,201810
39,R,전통시장,1001437,영진시장A동,192550,444547,11560,11560680,201810
40,R,전통시장,1001438,우리시장,191580,444163,11560,11560700,201810
41,R,전통시장,1001439,대림중앙시장,191100,443494,11560,11560710,201810
42,R,전통시장,1001417,구로시장,189861,443289,11530,11530550,201810
43,R,전통시장,1001418,남구로시장,189947,443413,11530,11530550,201810
44,R,전통시장,1001419,가리봉시장,190213,442465,11530,11530595,201810
45,R,전통시장,1001420,고척근린시장,186779,444767,11530,11530730,201810
46,R,전통시장,1001421,개봉중앙시장,187073,443659,11530,11530750,201810
47,R,전통시장,1001422,오류시장,186135,444133,11530,11530770,201810
48,R,전통시장,1001476,풍납시장,210562,448652,11710,11710510,201810
49,R,전통시장,1001477,마천시장,213336,444311,11710,11710550,201810
50,R,전통시장,1001478,방이시장,210212,445747,11710,11710562,201810
51,R,전통시장,1001479,석촌시장,209440,444521,11710,11710600,201810
52,R,전통시장,1001396,목4동시장,188189,448728,11470,11470540,201810
53,R,전통시장,1001397,신영시장,185488,448178,11470,11470560,201810
54,R,전통시장,1001398,월정로시장,185337,448175,11470,11470560,201810
55,R,전통시장,1001447,상도4동도깨비골목시장,194464,444685,11590,11590560,201810
56,R,전통시장,1001448,흑석시장,196759,445314,11590,11590605,201810
57,R,전통시장,1001449,남성사계시장,198305,443198,11590,11590630,201810
58,R,전통시장,1001451,사당시장,197801,442618,11590,11590650,201810
59,R,전통시장,1001468,남부종합시장,198664,443924,11650,11650590,201810
60,R,전통시장,1001469,양재시장,203388,442737,11650,11650651,201810
61,R,전통시장,1001407,등마루시장,187644,450807,11500,11500520,201810
62,R,전통시장,1001408,신월중앙시장,186247,451047,11500,11500535,201810
63,U,관광특구,1001494,종로·청계 관광특구,199768,452273,11110,11110615,201810
64,R,전통시장,1001450,남성역골목시장,197564,442672,11590,11590650,201810
65,U,관광특구,1001495,잠실 관광특구,210191,446339,11710,11710566,201810
66,U,관광특구,1001496,강남 마이스 관광특구,205310,445727,11680,11680580,201810
67,U,관광특구,1001491,이태원 관광특구,199503,448326,11170,11170650,201810
68,U,관광특구,1001492,명동 남대문 북창동 다동 무교동 관광특구,198397,451624,11140,11140520,201810
69,U,관광특구,1001493,동대문패션타운 관광특구,200974,451975,11140,11140590,201810
70,A,골목상권,1000334,삼양로93길,201388,459892,11305,11305660,201810
71,A,골목상권,1000354,덕릉로60길,203646,459682,11320,11320513,201810
72,A,골목상권,1000355,도당로13가길,203280,463008,11320,11320700,201810
73,A,골목상권,1000356,도당로13바길,203102,463080,11320,11320700,201810
74,A,골목상권,1000357,도당로19길,203494,463290,11320,11320690,201810
75,A,골목상권,1000358,도당로29길,203740,463265,11320,11320690,201810
76,A,골목상권,1000364,도봉로156길,204007,463717,11320,11320522,201810
77,A,골목상권,1000365,도봉로169나길,203838,464203,11320,11320521,201810
78,A,골목상권,1000366,도봉로181길,203858,464982,11320,11320521,201810
79,A,골목상권,1000367,도봉산4길,203720,465496,11320,11320521,201810
80,A,골목상권,1000368,도봉산길,203752,465255,11320,11320521,201810
81,A,골목상권,1000039,명동길,198817,451637,11140,11140550,201810
82,A,골목상권,1000040,삼일대로4길,199076,451495,11140,11140605,201810
83,A,골목상권,1000662,독산로50길,192022,440363,11545,11545700,201810
84,A,골목상권,1000835,청림3길,196375,443369,11620,11620545,201810
85,A,골목상권,1000836,행운1길,196158,442491,11620,11620575,201810
86,A,골목상권,1000527,목동중앙북로16길,188840,449444,11470,11470520,201810
87,A,골목상권,1000528,목동중앙북로8길,188032,449704,11470,11470530,201810
88,A,골목상권,1000288,오패산로4길,203498,456030,11290,11290725,201810
89,A,골목상권,1000315,노해로17길,201805,460092,11305,11305630,201810
90,A,골목상권,1000316,노해로23길,201908,460563,11305,11305620,201810
91,A,골목상권,1000106,성덕정17길,205067,448569,11200,11200670,201810
92,A,골목상권,1000107,성덕정길,204245,448832,11200,11200650,201810
93,A,골목상권,1000108,성수이로18길,205291,449157,11200,11200690,201810
94,A,골목상권,1000522,목동로9길,187895,447102,11470,11470650,201810
95,A,골목상권,1000523,목동중앙남로3가길,188036,448820,11470,11470540,201810
96,A,골목상권,1000524,목동중앙로13나길,189467,449522,11470,11470520,201810
97,A,골목상권,1000525,목동중앙로3길,188377,448665,11470,11470540,201810
98,A,골목상권,1000753,사당로29길,198033,442917,11590,11590640,201810
99,A,골목상권,1000842,원신길,193828,440775,11620,11620745,201810
100,A,골목상권,1000843,소담길,194950,442047,11620,11620595,201810
101,A,골목상권,1000658,금하로24길,191896,438755,11545,11545710,201810
102,A,골목상권,1000659,남부순환로112길,190588,442027,11545,11545510,201810
103,A,골목상권,1000660,독산로108길,191809,442246,11545,11545630,201810
104,A,골목상권,1000661,독산로40길,191743,440125,11545,11545700,201810
105,A,골목상권,1000171,답십리로23길,204500,453193,11230,11230560,201810
106,A,골목상권,1000172,답십리로56길,205168,452271,11230,11230610,201810
107,A,골목상권,1000173,답십리로60길,205571,452187,11230,11230610,201810
108,A,골목상권,1000174,답십리로63길,206073,452880,11230,11230660,201810
109,A,골목상권,1000197,장한로26가길,206219,452110,11230,11230660,201810
110,A,골목상권,1000198,장한로26길,206589,452392,11230,11230650,201810
111,A,골목상권,1000199,장한로27가길,206246,452855,11230,11230660,201810
112,A,골목상권,1000200,장한로27길,206133,452645,11230,11230660,201810
113,A,골목상권,1000150,면목로17길,207181,452209,11215,11215760,201810
114,A,골목상권,1000151,아차산로40길,206893,448523,11215,11215820,201810
115,A,골목상권,1000770,여의대방로22길,193326,444183,11590,11590680,201810
116,A,골목상권,1000771,여의대방로22나길,193108,444134,11590,11590680,201810
117,A,골목상권,1000772,여의대방로22카길,193511,444083,11590,11590680,201810
118,A,골목상권,1000773,여의대방로24길,193236,444362,11590,11590660,201810
119,A,골목상권,1000633,구로중앙로19길,190154,443834,11530,11530530,201810
120,A,골목상권,1000872,서초대로4길,198704,442669,11650,11650610,201810
121,A,골목상권,1000873,서초대로64길,201858,443773,11650,11650510,201810
122,A,골목상권,1000176,답십리로68길,206026,452231,11230,11230650,201810
123,A,골목상권,1000177,답십리로69길,206455,452932,11230,11230660,201810
124,A,골목상권,1000178,답십리로72길,206368,452095,11230,11230650,201810
125,A,골목상권,1000179,망우로18가길,205333,454147,11230,11230730,201810
126,A,골목상권,1000180,망우로18길,205444,454342,11230,11230730,201810
127,A,골목상권,1000181,망우로21길,205408,454544,11230,11230720,201810
128,A,골목상권,1000183,무학로45길,202502,453407,11230,11230536,201810
129,A,골목상권,1000184,사가정로13길,205216,453256,11230,11230570,201810
130,A,골목상권,1000185,사가정로23가길,206276,453393,11230,11230660,201810
131,A,골목상권,1000186,사가정로2길,204686,452171,11230,11230600,201810
132,A,골목상권,1000187,서울시립대로16길,204752,453241,11230,11230560,201810
133,A,골목상권,1000188,서울시립대로29길,204831,454038,11230,11230560,201810
134,A,골목상권,1000347,한천로124나길,202735,459832,11305,11305590,201810
135,A,골목상권,1000222,겸재로29길,207615,454450,11260,11260565,201810
136,A,골목상권,1000223,겸재로36길,207613,454133,11260,11260565,201810
137,A,골목상권,1000224,겸재로54길,208069,454179,11260,11260565,201810
138,A,골목상권,1000329,삼양로24길,202070,457533,11305,11305555,201810
139,A,골목상권,1000232,동일로130길,207270,455598,11260,11260600,201810
140,A,골목상권,1000233,동일로139가길,206886,456144,11260,11260610,201810
141,A,골목상권,1000234,동일로139길,206726,455924,11260,11260610,201810
142,A,골목상권,1000634,구로중앙로28길,190089,444510,11530,11530560,201810
143,A,골목상권,1000635,구로중앙로34길,189943,444686,11530,11530560,201810
144,A,골목상권,1000119,왕십리로31길,202492,451577,11200,11200520,201810
145,A,골목상권,1000120,왕십리로6길,204130,449627,11200,11200660,201810
146,A,골목상권,1000121,용답29길,204749,451713,11200,11200790,201810
147,A,골목상권,1000122,용답중앙길,204477,451818,11200,11200790,201810
148,A,골목상권,1000123,장터길,201652,449863,11200,11200615,201810
149,A,골목상권,1000182,무학로16길,202834,452408,11230,11230536,201810
150,A,골목상권,1000341,오패산로52길,202853,458457,11305,11305545,201810
151,A,골목상권,1000226,공릉로2길,206996,456904,11260,11260620,201810
152,A,골목상권,1000227,답십리로75길,207204,452767,11260,11260540,201810
153,A,골목상권,1000248,면목로78길,207920,454655,11260,11260565,201810
154,A,골목상권,1000249,봉우재로33길,207767,454992,11260,11260590,201810
155,A,골목상권,1000251,봉화산로4길,206681,455576,11260,11260610,201810
156,A,골목상권,1000252,봉화산로56길,208607,456214,11260,11260680,201810
157,A,골목상권,1000253,사가정로42길,207311,453266,11260,11260570,201810
158,A,골목상권,1000254,사가정로54길,207819,453287,11260,11260570,201810
159,A,골목상권,1000255,신내로7가길,208265,455850,11260,11260580,201810
160,A,골목상권,1000363,도봉로152가길,204030,463980,11320,11320522,201810
161,A,골목상권,1000235,동일로140길,207101,456129,11260,11260600,201810
162,A,골목상권,1000236,동일로149길,206604,456360,11260,11260630,201810
163,A,골목상권,1000237,동일로157길,206799,456722,11260,11260630,201810
164,A,골목상권,1000654,가산로3길,190319,441336,11545,11545610,201810
165,A,골목상권,1000655,가산로5길,190469,441534,11545,11545510,201810
166,A,골목상권,1000656,금하로14길,191534,439128,11545,11545670,201810
167,A,골목상권,1000657,금하로1길,190347,439316,11545,11545610,201810
168,A,골목상권,1000124,청계천로10나길,203136,452343,11200,11200540,201810
169,A,골목상권,1000077,한강대로104길,197724,450094,11170,11170530,201810
170,A,골목상권,1000078,한강대로15길,196765,447406,11170,11170625,201810
171,A,골목상권,1000102,사근동길,204047,451232,11200,11200550,201810
172,A,골목상권,1000103,상원12길,204285,450113,11200,11200660,201810
173,A,골목상권,1000104,상원길,204393,449867,11200,11200660,201810
174,A,골목상권,1000105,서울숲2길,203753,449720,11200,11200660,201810
175,A,골목상권,1000250,봉화산로30길,207515,455643,11260,11260600,201810
176,A,골목상권,1000936,학동로38길,203031,445928,11680,11680531,201810
177,A,골목상권,1000609,개봉로11길,187053,443199,11530,11530760,201810
178,A,골목상권,1000610,개봉로17길,186997,443575,11530,11530750,201810
179,A,골목상권,1000505,토정로37길,194987,449132,11440,11440590,201810
180,A,골목상권,1000506,효창원로93길,196541,449810,11440,11440565,201810
181,A,골목상권,1000974,동남로65길,213662,449838,11740,11740540,201810
182,A,골목상권,1000739,동작대로17길,198180,442665,11590,11590620,201810
183,A,골목상권,1000740,동작대로29길,198068,443238,11590,11590630,201810
184,A,골목상권,1000741,동작대로33길,198293,443401,11590,11590630,201810
185,A,골목상권,1000742,동작대로35길,198178,443634,11590,11590630,201810
186,A,골목상권,1000743,동작대로7길,198094,442115,11590,11590620,201810
187,A,골목상권,1000744,등용로14길,194160,445804,11590,11590660,201810
188,A,골목상권,1000844,강남대로23길,203266,441814,11650,11650651,201810
189,A,골목상권,1000712,선유서로25길,189724,447217,11560,11560610,201810
190,A,골목상권,1000511,곰달래로5길,185128,448354,11470,11470560,201810
191,A,골목상권,1000512,남부순환로33길,185053,448734,11470,11470600,201810
192,A,골목상권,1000513,남부순환로40길,184750,448289,11470,11470580,201810
193,A,골목상권,1000514,남부순환로58길,185016,447913,11470,11470580,201810
194,A,골목상권,1000515,남부순환로70길,185379,447089,11470,11470611,201810
195,A,골목상권,1000516,남부순환로79길,186002,446310,11470,11470610,201810
196,A,골목상권,1000922,삼성로69길,205046,444655,11680,11680630,201810
197,A,골목상권,1000923,삼성로75길,204955,444857,11680,11680630,201810
198,A,골목상권,1000924,선릉로121길,203620,446019,11680,11680531,201810
199,A,골목상권,1000925,선릉로132길,203891,446585,11680,11680565,201810
200,A,골목상권,1000926,선릉로133길,203370,446517,11680,11680531,201810
201,A,골목상권,1000927,선릉로146길,203869,447005,11680,11680565,201810
202,A,골목상권,1000597,양천로73가길,188942,450129,11500,11500510,201810
203,A,골목상권,1000799,남부순환로234길,196264,442001,11620,11620585,201810
204,A,골목상권,1000471,마포대로12길,195997,449761,11440,11440555,201810
205,A,골목상권,1000472,마포대로20길,196235,450199,11440,11440565,201810
206,A,골목상권,1001006,천호대로197길,213036,448741,11740,11740685,201810
207,A,골목상권,1001007,천호대로219길,215174,449783,11740,11740520,201810
208,A,골목상권,1001008,천호옛14길,211019,448522,11740,11740650,201810
209,A,골목상권,1001009,천호옛길,210925,448274,11740,11740650,201810
210,A,골목상권,1001010,풍성로37가길,211344,448150,11740,11740650,201810
211,A,골목상권,1000787,국회단지길,194799,443257,11620,11620605,201810
212,A,골목상권,1000543,중앙로32길,187716,446860,11470,11470620,201810
213,A,골목상권,1000564,강서로5나길,186043,447684,11500,11500540,201810
214,A,골목상권,1000565,강서로5라길,187131,447833,11500,11500550,201810
215,A,골목상권,1000566,강서로8길,186765,447804,11500,11500593,201810
216,A,골목상권,1000567,개화동로23길,183098,451858,11500,11500640,201810
217,A,골목상권,1000568,개화동로25길,183066,451638,11500,11500640,201810
218,A,골목상권,1000569,곰달래로25길,186628,448078,11500,11500593,201810
219,A,골목상권,1000730,영등포로80길,192927,445842,11560,11560630,201810
220,A,골목상권,1000794,난향길,192647,440383,11620,11620715,201810
221,A,골목상권,1000795,남부순환로142길,192308,442314,11620,11620765,201810
222,A,골목상권,1000796,남부순환로151길,192562,442683,11620,11620685,201810
223,A,골목상권,1000797,남부순환로161길,192893,442738,11620,11620685,201810
224,A,골목상권,1000798,남부순환로172길,193051,442557,11620,11620765,201810
225,A,골목상권,1000955,송이로23길,211137,444095,11710,11710632,201810
226,A,골목상권,1000782,관악로28길,196335,442839,11620,11620575,201810
227,A,골목상권,1000783,관악로30길,196370,443003,11620,11620545,201810
228,A,골목상권,1000784,관천로15길,192940,443098,11620,11620685,201810
229,A,골목상권,1000785,관천로22길,193335,443245,11620,11620695,201810
230,A,골목상권,1000889,개포로17길,204153,442310,11680,11680690,201810
231,A,골목상권,1000890,개포로20길,204200,441960,11680,11680690,201810
232,A,골목상권,1000747,사당로16가길,197390,442623,11590,11590650,201810
233,A,골목상권,1000442,세무서길,195272,454553,11410,11410640,201810
234,A,골목상권,1000959,양재대로62길,210459,444298,11710,11710620,201810
235,A,골목상권,1000960,양재대로64길,210795,444415,11710,11710620,201810
236,A,골목상권,1000961,양재대로71길,211100,445686,11710,11710561,201810
237,A,골목상권,1000962,양재대로72길,211372,445564,11710,11710570,201810
238,A,골목상권,1000963,오금로11길,209869,445934,11710,11710562,201810
239,A,골목상권,1000964,오금로36길,211055,444694,11710,11710620,201810
240,A,골목상권,1000665,독산로78다길,191538,441200,11545,11545640,201810
241,A,골목상권,1000941,동남로20길,211940,444113,11710,11710632,201810
242,A,골목상권,1000942,마천로51길,213425,444164,11710,11710550,201810
243,A,골목상권,1000943,백제고분로21길,208028,445132,11710,11710610,201810
244,A,골목상권,1000944,백제고분로22길,207808,444738,11710,11710610,201810
245,A,골목상권,1000945,백제고분로31길,208405,445049,11710,11710610,201810
246,A,골목상권,1000946,백제고분로32길,208348,444545,11710,11710610,201810
247,A,골목상권,1000956,송이로32길,211210,443244,11710,11710641,201810
248,A,골목상권,1000957,송이로36길,211090,442733,11710,11710641,201810
249,A,골목상권,1000958,송파대로30길,210647,444070,11710,11710620,201810
250,A,골목상권,1000467,동교로19길,192667,450953,11440,11440660,201810
251,A,골목상권,1000468,동교로25길,192902,451050,11440,11440710,201810
252,A,골목상권,1000469,동교로27길,193035,451240,11440,11440710,201810
253,A,골목상권,1000591,양천로14길,183157,452411,11500,11500640,201810
254,A,골목상권,1000748,사당로16길,197527,442377,11590,11590650,201810
255,A,골목상권,1000749,사당로20길,197850,442412,11590,11590620,201810
256,A,골목상권,1000750,사당로23길,197581,443283,11590,11590640,201810
257,A,골목상권,1000751,사당로23나길,197805,443066,11590,11590640,201810
258,A,골목상권,1000852,논현로27길,203639,442154,11650,11650651,201810
259,A,골목상권,1000931,영동대로112길,205550,446240,11680,11680580,201810
260,A,골목상권,1000932,영동대로65길,205514,444803,11680,11680610,201810
261,A,골목상권,1000933,일원로3길,207450,443715,11680,11680730,201810
262,A,골목상권,1000978,상암로14길,211333,449828,11740,11740610,201810
263,A,골목상권,1000979,상암로4길,211110,449881,11740,11740610,201810
264,A,골목상권,1000980,상암로51길,212852,449830,11740,11740530,201810
265,A,골목상권,1000981,상암로5길,211293,450372,11740,11740580,201810
266,A,골목상권,1000982,상일로5길,215098,450000,11740,11740520,201810
267,A,골목상권,1000983,성내로5길,210895,447994,11740,11740640,201810
268,A,골목상권,1000697,대림로7길,191513,443304,11560,11560710,201810
269,A,골목상권,1000698,대림로8길,191683,443538,11560,11560700,201810
270,A,골목상권,1000603,화곡로13길,185246,449129,11470,11470600,201810
271,A,골목상권,1000488,신촌로12길,194009,450587,11440,11440660,201810
272,A,골목상권,1000489,신촌로28가길,195600,450714,11440,11440555,201810
273,A,골목상권,1000490,신촌로30길,195795,450772,11440,11440555,201810
274,A,골목상권,1000491,양화로11길,192551,450322,11440,11440660,201810
275,A,골목상권,1000507,가로공원로58길,184569,448191,11470,11470580,201810
276,A,골목상권,1000508,곰달래로10길,185688,447628,11470,11470560,201810
277,A,골목상권,1000509,곰달래로2길,185423,447601,11470,11470560,201810
278,A,골목상권,1000592,양천로24가길,183536,452547,11500,11500630,201810
279,A,골목상권,1000593,양천로24길,183681,452312,11500,11500630,201810
280,A,골목상권,1000594,양천로26길,184315,452508,11500,11500630,201810
281,A,골목상권,1000595,양천로49길,185888,452396,11500,11500603,201810
282,A,골목상권,1000596,양천로71길,188799,450433,11500,11500510,201810
283,A,골목상권,1000921,삼성로64길,205588,444598,11680,11680610,201810
284,A,골목상권,1000934,일원로9길,207475,443459,11680,11680730,201810
285,A,골목상권,1000935,테헤란로81길,205020,445683,11680,11680580,201810
286,A,골목상권,1000968,고덕로10길,211439,450373,11740,11740570,201810
287,A,골목상권,1000969,고덕로25길,211909,450673,11740,11740590,201810
288,A,골목상권,1000970,고덕로61길,213394,451131,11740,11740550,201810
289,A,골목상권,1000971,구천면로36길,211836,449238,11740,11740600,201810
290,A,골목상권,1000972,구천면로41길,211648,449735,11740,11740610,201810
291,A,골목상권,1000973,구천면로42길,212057,449496,11740,11740600,201810
292,A,골목상권,1000718,신길로60길,192338,445958,11560,11560515,201810
293,A,골목상권,1000719,양평로19길,190719,448482,11560,11560620,201810
294,A,골목상권,1000720,양평로22라길,190659,448917,11560,11560620,201810
295,A,골목상권,1000721,양평로28길,190340,449134,11560,11560620,201810
296,A,골목상권,1000722,여의대방로35길,192810,444683,11560,11560680,201810
297,A,골목상권,1000723,여의대방로39길,192965,444877,11560,11560690,201810
298,A,골목상권,1000476,망원로2길,191420,450586,11440,11440690,201810
299,A,골목상권,1000477,매봉산로2길,190779,453068,11440,11440740,201810
300,A,골목상권,1000880,효령로23길,199386,442601,11650,11650600,201810
301,A,골목상권,1000881,효령로31길,199481,442807,11650,11650600,201810
302,A,골목상권,1000882,효령로34길,200005,442281,11650,11650620,201810
303,A,골목상권,1000883,효령로72길,202419,443033,11650,11650520,201810
304,A,골목상권,1000884,방배중앙로21길,198640,443594,11650,11650590,201810
305,A,골목상권,1000879,청두곶길,198727,442224,11650,11650610,201810
306,A,골목상권,1000885,서초중앙로8길,201756,443113,11650,11650510,201810
307,A,골목상권,1000704,도신로29길,191637,445568,11560,11560585,201810
308,A,골목상권,1000510,곰달래로3길,185250,448003,11470,11470560,201810
309,A,골목상권,1000999,진황도로27길,211820,448858,11740,11740620,201810
310,A,골목상권,1000681,시흥대로84길,191351,440191,11545,11545620,201810
311,A,골목상권,1000682,시흥대로94길,191168,440519,11545,11545620,201810
312,A,골목상권,1000895,논현로10길,204379,441746,11680,11680690,201810
313,A,골목상권,1000896,논현로115길,202756,445423,11680,11680521,201810
314,A,골목상권,1000897,논현로123길,202517,445695,11680,11680521,201810
315,A,골목상권,1000473,마포대로4길,195304,448698,11440,11440585,201810
316,A,골목상권,1000474,만리재옛길,196261,449920,11440,11440565,201810
317,A,골목상권,1000475,망원로11길,191657,451110,11440,11440700,201810
318,A,골목상권,1000786,구암길,195310,443441,11620,11620565,201810
319,A,골목상권,1000904,도곡로37길,203820,443975,11680,11680650,201810
320,A,골목상권,1000905,도산대로15길,202155,446791,11680,11680510,201810
321,A,골목상권,1000598,우장산로6길,185767,450403,11500,11500615,201810
322,A,골목상권,1000599,월정로20길,185919,447797,11500,11500540,201810
323,A,골목상권,1000600,초록마을로3길,186474,449664,11500,11500590,201810
324,A,골목상권,1000601,초록마을로8길,186651,449043,11500,11500590,201810
325,A,골목상권,1000602,초원로16길,183651,451789,11500,11500630,201810
326,A,골목상권,1000703,도신로15길,191005,445351,11560,11560585,201810
327,A,골목상권,1000580,공항대로8길,183401,451078,11500,11500620,201810
328,A,골목상권,1000641,도림로6길,190037,442804,11530,11530595,201810
329,A,골목상권,1000669,범안로17길,190561,441004,11545,11545610,201810
330,A,골목상권,1000670,벚꽃로56길,189678,442649,11545,11545510,201810
331,A,골목상권,1000671,시흥대로120길,191219,441029,11545,11545640,201810
332,A,골목상권,1000672,시흥대로138길,191076,441470,11545,11545630,201810
333,A,골목상권,1000673,시흥대로141길,190913,441735,11545,11545610,201810
334,A,골목상권,1000667,문성로5길,191643,442070,11545,11545630,201810
335,A,골목상권,1000668,범안로11길,190297,441021,11545,11545610,201810
336,A,골목상권,1000800,남부순환로248길,197131,441694,11620,11620625,201810
337,A,골목상권,1000920,삼성로63길,205112,444433,11680,11680630,201810
338,A,골목상권,1000438,모래내로15길,192763,452607,11410,11410690,201810
339,A,골목상권,1000439,북아현로4길,196323,451187,11410,11410555,201810
340,A,골목상권,1000440,세검정로1길,195108,454889,11410,11410660,201810
341,A,골목상권,1000441,세무서2길,195317,454260,11410,11410655,201810
342,A,골목상권,1000906,도산대로23길,202278,446837,11680,11680510,201810
343,A,골목상권,1000907,도산대로30길,202665,446497,11680,11680531,201810
344,A,골목상권,1000908,도산대로38길,202845,446549,11680,11680531,201810
345,A,골목상권,1000909,도산대로50길,203361,446719,11680,11680531,201810
346,A,골목상권,1000910,도산대로81길,204182,447512,11680,11680565,201810
347,A,골목상권,1000853,동광로12길,198733,443281,11650,11650621,201810
348,A,골목상권,1000891,개포로28길,204396,442049,11680,11680690,201810
349,A,골목상권,1000892,개포로82길,205991,443270,11680,11680670,201810
350,A,골목상권,1000965,오금로46길,211801,443812,11710,11710632,201810
351,A,골목상권,1000966,풍성로25길,210670,448428,11710,11710510,201810
352,A,골목상권,1000443,수색로8길,191662,453057,11410,11410710,201810
353,A,골목상권,1000444,신촌로37길,196333,450988,11410,11410555,201810
354,A,골목상권,1000445,연희로10길,193999,451698,11410,11410615,201810
355,A,골목상권,1000446,응암로1길,192033,453542,11410,11410720,201810
356,A,골목상권,1000447,증가로10길,193353,453267,11410,11410700,201810
357,A,골목상권,1000898,논현로139길,202439,446318,11680,11680521,201810
358,A,골목상권,1000666,독산로85길,191367,441472,11545,11545630,201810
359,A,골목상권,1000544,중앙로36길,187390,446684,11470,11470620,201810
360,A,골목상권,1000545,중앙로45길,186807,446831,11470,11470640,201810
361,A,골목상권,1000546,중앙로47길,186806,446520,11470,11470640,201810
362,A,골목상권,1000547,중앙로51길,186317,447176,11470,11470570,201810
363,A,골목상권,1000548,중앙로55길,186363,447389,11470,11470570,201810
364,A,골목상권,1000470,동교로38길,193434,451319,11440,11440710,201810
365,A,골목상권,1000435,가재울로6길,193211,452911,11410,11410700,201810
366,A,골목상권,1000436,독립문로8길,196470,451950,11410,11410520,201810
367,A,골목상권,1000437,명지대길,193274,453695,11410,11410700,201810
368,A,골목상권,1000975,동남로82길,214367,451288,11740,11740560,201810
369,A,골목상권,1000976,동남로85길,213662,451291,11740,11740550,201810
370,A,골목상권,1000977,명일로13길,212671,448210,11740,11740700,201810
371,A,골목상권,1000893,남부순환로365길,203498,443086,11680,11680655,201810
372,A,골목상권,1000570,곰달래로31길,186879,448134,11500,11500550,201810
373,A,골목상권,1000571,곰달래로47길,187213,448415,11500,11500550,201810
374,A,골목상권,1000572,곰달래로53길,187400,448494,11500,11500570,201810
375,A,골목상권,1000573,곰달래로60길,187833,447942,11500,11500570,201810
376,A,골목상권,1000611,개봉로17다길,186990,443807,11530,11530750,201810
377,A,골목상권,1000612,개봉로1길,186958,442633,11530,11530760,201810
378,A,골목상권,1000699,도림로112길,191388,445514,11560,11560585,201810
379,A,골목상권,1000894,논현로106길,203252,445203,11680,11680640,201810
380,A,골목상권,1000700,도림로147길,190280,446208,11560,11560605,201810
381,A,골목상권,1000701,도림로63길,191418,444432,11560,11560670,201810
382,A,골목상권,1000702,도림천로21길,191318,443127,11560,11560710,201810
383,A,골목상권,1000793,난우길,192704,441873,11620,11620765,201810
384,A,골목상권,1000984,성안로3길,211154,447500,11740,11740640,201810
385,A,골목상권,1000845,강남대로34길,203466,442641,11650,11650651,201810
386,A,골목상권,1000517,남부순환로88길,185715,445858,11470,11470640,201810
387,A,골목상권,1000899,논현로159길,202119,447017,11680,11680510,201810
388,A,골목상권,1000900,논현로26길,204011,442560,11680,11680656,201810
389,A,골목상권,1000901,논현로28길,203916,442721,11680,11680656,201810
390,A,골목상권,1000902,논현로63길,203273,443652,11680,11680640,201810
391,A,골목상권,1000903,논현로8길,204590,441617,11680,11680690,201810
392,A,골목상권,1000578,공항대로59다길,188444,450128,11500,11500510,201810
393,A,골목상권,1000579,공항대로61길,188182,450289,11500,11500510,201810
394,A,골목상권,1000967,강동대로53길,211667,447220,11740,11740660,201810
395,A,골목상권,1000194,이문로42길,205707,455687,11230,11230750,201810
396,A,골목상권,1000256,용마산로100길,208781,454568,11260,11260660,201810
397,A,골목상권,1000257,용마산로112길,209228,455519,11260,11260655,201810
398,A,골목상권,1000258,용마산로118길,209222,455721,11260,11260655,201810
399,A,골목상권,1000228,동일로100길,207344,454491,11260,11260520,201810
400,A,골목상권,1000306,창경궁로43길,200322,454364,11290,11290525,201810
401,A,골목상권,1000460,대흥로28길,195318,450623,11440,11440610,201810
402,A,골목상권,1000010,성균관로5길,199722,453848,11110,11110650,201810
403,A,골목상권,1000011,숭인동길,201961,453039,11110,11110710,201810
404,A,골목상권,1000012,옥인길,197039,453461,11110,11110515,201810
405,A,골목상권,1000013,율곡로10길,199216,452946,11110,11110615,201810
406,A,골목상권,1000014,율곡로16길,200357,452831,11110,11110630,201810
407,A,골목상권,1000015,이화장길,200428,453145,11110,11110640,201810
408,A,골목상권,1000044,퇴계로12길,198418,450776,11140,11140540,201810
409,A,골목상권,1000045,퇴계로18길,198667,450814,11140,11140550,201810
410,A,골목상권,1000046,퇴계로46길,200079,451299,11140,11140580,201810
411,A,골목상권,1000145,뚝섬로24길,205553,448382,11215,11215847,201810
412,A,골목상권,1000538,오목로3길,185695,447169,11470,11470590,201810
413,A,골목상권,1000539,오목로5길,185912,447186,11470,11470590,201810
414,A,골목상권,1000540,은행정로5길,187461,446866,11470,11470620,201810
415,A,골목상권,1000532,신목로5길,188737,446563,11470,11470630,201810
416,A,골목상권,1000760,상도로61길,196199,443891,11590,11590530,201810
417,A,골목상권,1000761,상도로62길,195809,444085,11590,11590530,201810
418,A,골목상권,1000411,연서로5길,192443,456074,11380,11380625,201810
419,A,골목상권,1000412,은평로10길,193310,455578,11380,11380580,201810
420,A,골목상권,1000413,은평로13길,193322,455878,11380,11380510,201810
421,A,골목상권,1000759,상도로47길,195721,444847,11590,11590530,201810
422,A,골목상권,1000359,도봉로109길,202775,460808,11320,11320680,201810
423,A,골목상권,1000360,도봉로114길,203205,460886,11320,11320511,201810
424,A,골목상권,1000874,서초대로8길,199031,442720,11650,11650610,201810
425,A,골목상권,1000875,신반포로45길,201466,445871,11650,11650540,201810
426,A,골목상권,1000876,언남길,203777,441622,11650,11650652,201810
427,A,골목상권,1000877,주흥15길,201637,445483,11650,11650560,201810
428,A,골목상권,1000878,주흥길,201748,445177,11650,11650560,201810
429,A,골목상권,1000631,구로동로7길,189677,443002,11530,11530595,201810
430,A,골목상권,1000663,독산로64길,191548,440685,11545,11545620,201810
431,A,골목상권,1000664,독산로70길,191438,440887,11545,11545640,201810
432,A,골목상권,1000535,신월로20길,186311,446580,11470,11470610,201810
433,A,골목상권,1000536,오목로23길,186869,447426,11470,11470650,201810
434,A,골목상권,1000537,오목로30길,187070,447081,11470,11470650,201810
435,A,골목상권,1000348,한천로130길,202832,459987,11305,11305590,201810
436,A,골목상권,1000349,한천로132길,202621,460125,11305,11305590,201810
437,A,골목상권,1000317,노해로33길,201952,460796,11305,11305620,201810
438,A,골목상권,1000338,솔샘로65길,202358,457899,11305,11305555,201810
439,A,골목상권,1000339,수유로12길,201881,459252,11305,11305610,201810
440,A,골목상권,1000340,오패산로30길,203070,457229,11305,11305545,201810
441,A,골목상권,1000330,삼양로27길,201601,457698,11305,11305575,201810
442,A,골목상권,1000331,삼양로41길,201573,458013,11305,11305534,201810
443,A,골목상권,1000756,사당로8길,197149,442606,11590,11590651,201810
444,A,골목상권,1000636,구로중앙로42길,189213,445587,11530,11530510,201810
445,A,골목상권,1000637,구로중앙로7길,190357,443470,11530,11530550,201810
446,A,골목상권,1000638,구로중앙로8길,190511,443708,11530,11530550,201810
447,A,골목상권,1000639,남부순환로97길,187451,443865,11530,11530750,201810
448,A,골목상권,1000738,대방동2길,193616,444628,11590,11590660,201810
449,A,골목상권,1000754,사당로2차길,197055,443018,11590,11590651,201810
450,A,골목상권,1000755,사당로30길,198301,442455,11590,11590620,201810
451,A,골목상권,1000632,구로동로8길,189980,443142,11530,11530550,201810
452,A,골목상권,1000733,국사봉1길,193988,444333,11590,11590550,201810
453,A,골목상권,1000342,오패산로67길,202277,459551,11305,11305590,201810
454,A,골목상권,1000343,인수봉로56길,201323,459612,11305,11305660,201810
455,A,골목상권,1000344,인수봉로72길,201136,460373,11305,11305660,201810
456,A,골목상권,1000345,인수봉로79길,200764,460432,11305,11305660,201810
457,A,골목상권,1000350,한천로139가길,202091,460136,11305,11305630,201810
458,A,골목상권,1000351,한천로140길,202512,460286,11305,11305630,201810
459,A,골목상권,1000318,덕릉로40길,202801,459403,11305,11305600,201810
460,A,골목상권,1000319,덕릉로41길,202575,459757,11305,11305590,201810
461,A,골목상권,1000320,도봉로13길,202365,457294,11305,11305555,201810
462,A,골목상권,1000307,한천로101가길,204334,457784,11290,11290760,201810
463,A,골목상권,1000308,한천로76길,205753,456899,11290,11290810,201810
464,A,골목상권,1000332,삼양로54길,201968,458188,11305,11305555,201810
465,A,골목상권,1000333,삼양로77길,201336,458806,11305,11305610,201810
466,A,골목상권,1000398,역말로9길,193079,457048,11380,11380570,201810
467,A,골목상권,1000387,한글비석로24길,206357,462584,11350,11350670,201810
468,A,골목상권,1000388,한글비석로44길,206180,462789,11350,11350670,201810
469,A,골목상권,1000281,삼양로8길,202192,456446,11290,11290685,201810
470,A,골목상권,1000282,성북로8길,200504,454631,11290,11290525,201810
471,A,골목상권,1000189,서울시립대로4길,204299,452696,11230,11230560,201810
472,A,골목상권,1000190,약령시로17길,203754,453939,11230,11230545,201810
473,A,골목상권,1000191,왕산로32길,203694,452970,11230,11230536,201810
474,A,골목상권,1000192,왕산로33길,203729,453614,11230,11230545,201810
475,A,골목상권,1000193,왕산로43길,204275,453938,11230,11230705,201810
476,A,골목상권,1000346,한천로109길,203707,458652,11305,11305606,201810
477,A,골목상권,1000335,솔매로41길,201997,458580,11305,11305535,201810
478,A,골목상권,1000336,솔매로45길,202131,458754,11305,11305535,201810
479,A,골목상권,1000337,솔매로50길,202495,458282,11305,11305545,201810
480,A,골목상권,1000303,종암로24가길,203140,455623,11290,11290705,201810
481,A,골목상권,1000304,종암로5길,203019,454873,11290,11290705,201810
482,A,골목상권,1000305,지봉로20길,201697,453727,11290,11290610,201810
483,A,골목상권,1000309,화랑로13길,203678,456195,11290,11290725,201810
484,A,골목상권,1000311,화랑로19길,204416,456562,11290,11290770,201810
485,A,골목상권,1000312,화랑로1길,202972,456141,11290,11290715,201810
486,A,골목상권,1000041,장충단로8길,200741,451402,11140,11140580,201810
487,A,골목상권,1000042,청구로17길,201034,451013,11140,11140625,201810
488,A,골목상권,1000043,청구로1길,201360,450951,11140,11140645,201810
489,A,골목상권,1000310,화랑로14길,203729,455749,11290,11290725,201810
490,A,골목상권,1000389,가좌로7길,192862,453934,11380,11380600,201810
491,A,골목상권,1000390,갈현로1길,191901,455542,11380,11380631,201810
492,A,골목상권,1000352,노해로60길,203002,461043,11320,11320680,201810
493,A,골목상권,1000353,노해로63다길,204014,461657,11320,11320515,201810
494,A,골목상권,1000529,목동중앙서로7길,188084,448328,11470,11470540,201810
495,A,골목상권,1000530,목동중앙서로8가길,188068,447995,11470,11470540,201810
496,A,골목상권,1000531,신목로2길,189014,446703,11470,11470630,201810
497,A,골목상권,1000118,왕십리로26길,202889,451635,11200,11200535,201810
498,A,골목상권,1000095,마조로16길,203961,451778,11200,11200540,201810
499,A,골목상권,1000096,마조로1길,203530,451337,11200,11200550,201810
500,A,골목상권,1000097,매봉길,201211,449778,11200,11200645,201810
501,A,골목상권,1000098,무수막길,201844,450369,11200,11200615,201810
502,A,골목상권,1000099,무학로6길,202959,451797,11200,11200535,201810
503,A,골목상권,1000100,무학봉28길,202825,451396,11200,11200520,201810
504,A,골목상권,1000101,무학봉길,202542,451232,11200,11200520,201810
505,A,골목상권,1000678,시흥대로62가길,191516,439656,11545,11545670,201810
506,A,골목상권,1000679,시흥대로63길,190993,439529,11545,11545670,201810
507,A,골목상권,1000714,신길로17길,191729,444251,11560,11560670,201810
508,A,골목상권,1000715,신길로39길,191864,445355,11560,11560650,201810
509,A,골목상권,1000716,신길로42가길,192439,445537,11560,11560630,201810
510,A,골목상권,1000717,신길로42길,192317,445241,11560,11560660,201810
511,A,골목상권,1000808,법원단지9길,193119,441729,11620,11620775,201810
512,A,골목상권,1000812,봉천로33길,195052,442764,11620,11620605,201810
513,A,골목상권,1000813,서림7길,194723,441441,11620,11620665,201810
514,A,골목상권,1000814,승방길,198228,441524,11620,11620630,201810
515,A,골목상권,1000928,선릉로18길,205444,442663,11680,11680670,201810
516,A,골목상권,1000929,압구정로2길,201728,446846,11680,11680510,201810
517,A,골목상권,1000930,언주로81길,203657,444381,11680,11680650,201810
518,A,골목상권,1000499,월드컵로16길,192138,450868,11440,11440660,201810
519,A,골목상권,1000867,사평대로26길,199919,444457,11650,11650581,201810
520,A,골목상권,1000868,사평대로57길,201876,445325,11650,11650560,201810
521,A,골목상권,1000869,서초대로15길,199030,443314,11650,11650621,201810
522,A,골목상권,1000552,가로공원로76가길,185909,448257,11500,11500540,201810
523,A,골목상권,1000553,가로공원로80길,185846,448560,11500,11500540,201810
524,A,골목상권,1000624,고척로52길,187266,444683,11530,11530720,201810
525,A,골목상권,1000006,북촌로11길,198602,453529,11110,11110600,201810
526,A,골목상권,1000007,북촌로5길,198383,453422,11110,11110540,201810
527,A,골목상권,1000137,능동로13길,206086,449515,11215,11215710,201810
528,A,골목상권,1000138,능동로19길,206369,449653,11215,11215710,201810
529,A,골목상권,1000139,능동로34길,207316,450510,11215,11215780,201810
530,A,골목상권,1000231,동일로123길,206965,455458,11260,11260610,201810
531,A,골목상권,1000831,조원중앙로2길,191933,442499,11620,11620725,201810
532,A,골목상권,1000832,중앙길,195647,442864,11620,11620615,201810
533,A,골목상권,1000833,청룡8길,194960,442335,11620,11620595,201810
534,A,골목상권,1000809,법원단지길,192885,441644,11620,11620775,201810
535,A,골목상권,1000810,복은길,194616,441668,11620,11620665,201810
536,A,골목상권,1000855,동광로39길,199980,444218,11650,11650581,201810
537,A,골목상권,1000856,동산로10길,204021,441216,11650,11650652,201810
538,A,골목상권,1000857,동산로19길,204097,441586,11650,11650652,201810
539,A,골목상권,1000858,방배천로4안길,198534,442403,11650,11650610,201810
540,A,골목상권,1000859,마방로2길,203516,441384,11650,11650652,201810
541,A,골목상권,1000549,지양로7길,185169,446879,11470,11470611,201810
542,A,골목상권,1000500,월드컵로19길,191895,450786,11440,11440690,201810
543,A,골목상권,1000576,공항대로55길,187636,450546,11500,11500520,201810
544,A,골목상권,1000577,공항대로59길,187993,450371,11500,11500520,201810
545,A,골목상권,1000674,시흥대로150길,191260,441898,11545,11545630,201810
546,A,골목상권,1000675,시흥대로153길,190698,441839,11545,11545510,201810
547,A,골목상권,1000676,시흥대로22길,191610,437964,11545,11545690,201810
548,A,골목상권,1000677,시흥대로36길,191609,438262,11545,11545690,201810
549,A,골목상권,1000821,신림로65길,193516,442877,11620,11620695,201810
550,A,골목상권,1000008,북촌로5나길,198500,454026,11110,11110540,201810
551,A,골목상권,1000009,삼청로5길,198284,453968,11110,11110540,201810
552,A,골목상권,1000762,서달로10길,196733,444897,11590,11590605,201810
553,A,골목상권,1000763,서달로14길,196881,445277,11590,11590605,201810
554,A,골목상권,1000764,서달로15길,196677,445447,11590,11590605,201810
555,A,골목상권,1000765,서달로8가길,196640,445137,11590,11590605,201810
556,A,골목상권,1000326,도봉로99길,202431,460456,11305,11305630,201810
557,A,골목상권,1000327,삼각산로28길,201827,459865,11305,11305630,201810
558,A,골목상권,1000037,동호로20길,200833,451152,11140,11140580,201810
559,A,골목상권,1000038,동호로8길,201078,450480,11140,11140635,201810
560,A,골목상권,1000109,성수이로7길,204848,449183,11200,11200690,201810
561,A,골목상권,1000110,성수일로6길,204696,449444,11200,11200690,201810
562,A,골목상권,1000175,답십리로64길,205808,452260,11230,11230650,201810
563,A,골목상권,1000088,고산자로6길,203182,450886,11200,11200560,201810
564,A,골목상권,1000089,금호산2길,202061,450008,11200,11200615,201810
565,A,골목상권,1000724,여의대방로43나길,192985,445284,11560,11560690,201810
566,A,골목상권,1000815,신림동길,193468,443054,11620,11620695,201810
567,A,골목상권,1000986,양재대로101길,211982,448189,11740,11740660,201810
568,A,골목상권,1000987,양재대로116길,212534,448842,11740,11740685,201810
569,A,골목상권,1000988,양재대로124길,212784,449174,11740,11740685,201810
570,A,골목상권,1000989,양재대로133길,212468,449850,11740,11740600,201810
571,A,골목상권,1000937,학동로56길,203779,446235,11680,11680590,201810
572,A,골목상권,1000991,양재대로95길,211915,447906,11740,11740660,201810
573,A,골목상권,1000992,양재대로96길,212357,447783,11740,11740700,201810
574,A,골목상권,1000993,올림픽로48길,210834,447700,11740,11740640,201810
575,A,골목상권,1000994,올림픽로71길,210711,449051,11740,11740610,201810
576,A,골목상권,1000995,올림픽로77길,210884,449306,11740,11740610,201810
577,A,골목상권,1000996,올림픽로78길,211142,449233,11740,11740610,201810
578,A,골목상권,1000997,올림픽로80길,211421,449239,11740,11740610,201810
579,A,골목상권,1000328,삼양로20길,202084,457187,11305,11305555,201810
580,A,골목상권,1000313,화랑로32길,205232,456342,11290,11290810,201810
581,A,골목상권,1000314,화랑로40길,205555,457055,11290,11290810,201810
582,A,골목상권,1000382,상계로12길,206186,461820,11350,11350640,201810
583,A,골목상권,1000383,상계로1길,205491,462106,11350,11350640,201810
584,A,골목상권,1000094,마장로39길,203915,452058,11200,11200540,201810
585,A,골목상권,1000167,천호대로129길,208103,450391,11215,11215860,201810
586,A,골목상권,1000774,여의대방로46길,193589,445833,11590,11590660,201810
587,A,골목상권,1000238,동일로163길,206621,456804,11260,11260630,201810
588,A,골목상권,1000239,망우로68길,208937,455358,11260,11260655,201810
589,A,골목상권,1000240,망우로73길,209071,455865,11260,11260655,201810
590,A,골목상권,1000241,면목로21길,207275,452549,11260,11260540,201810
591,A,골목상권,1000242,면목로33길,207345,452933,11260,11260540,201810
592,A,골목상권,1000243,면목로45길,207643,453563,11260,11260575,201810
593,A,골목상권,1000247,면목로56길,207985,453857,11260,11260565,201810
594,A,골목상권,1000990,양재대로91길,211750,447653,11740,11740660,201810
595,A,골목상권,1000563,강서로5가길,186445,447739,11500,11500540,201810
596,A,골목상권,1000846,강남대로8길,203806,441012,11650,11650652,201810
597,A,골목상권,1000647,부일로1길,184095,443791,11530,11530790,201810
598,A,골목상권,1000648,새말로18길,190502,445012,11530,11530560,201810
599,A,골목상권,1000649,신도림로13길,189400,445624,11530,11530510,201810
600,A,골목상권,1000650,오류로8길,186281,443760,11530,11530780,201810
601,A,골목상권,1000998,올림픽로98길,211587,450183,11740,11740570,201810
602,A,골목상권,1000653,중앙로1길,187879,444308,11530,11530720,201810
603,A,골목상권,1000752,사당로26길,198058,442393,11590,11590620,201810
604,A,골목상권,1000680,시흥대로68길,191253,439818,11545,11545670,201810
605,A,골목상권,1000829,조원로10길,191480,442560,11620,11620725,201810
606,A,골목상권,1000519,목동동로12길,188812,447108,11470,11470510,201810
607,A,골목상권,1000520,목동동로8길,188660,446396,11470,11470630,201810
608,A,골목상권,1000521,목동로19길,187757,447293,11470,11470650,201810
609,A,골목상권,1000140,능동로3길,205811,448311,11215,11215847,201810
610,A,골목상권,1000141,능동로4길,206166,448088,11215,11215840,201810
611,A,골목상권,1000142,동일로18길,205749,448886,11215,11215847,201810
612,A,골목상권,1000143,동일로24길,205897,449318,11215,11215710,201810
613,A,골목상권,1000144,뚝섬로23길,205870,448631,11215,11215840,201810
614,A,골목상권,1000732,영신로9길,191778,445892,11560,11560515,201810
615,A,골목상권,1000554,강서로15길,186039,448054,11500,11500540,201810
616,A,골목상권,1000555,강서로17가길,186179,448356,11500,11500540,201810
617,A,골목상권,1000556,강서로18길,186654,448395,11500,11500593,201810
618,A,골목상권,1000216,한천로40길,206174,453115,11230,11230660,201810
619,A,골목상권,1000168,경희대로3길,204476,454763,11230,11230710,201810
620,A,골목상권,1000169,경희대로4길,204769,454783,11230,11230710,201810
621,A,골목상권,1000170,난계로30길,202263,452574,11230,11230536,201810
622,A,골목상권,1000022,창신2길,200890,452689,11110,11110680,201810
623,A,골목상권,1000651,우마길,190125,442624,11530,11530595,201810
624,A,골목상권,1000616,개봉로3길,187076,442937,11530,11530760,201810
625,A,골목상권,1000518,목동남로4길,188207,445482,11470,11470680,201810
626,A,골목상권,1000492,양화로1길,192015,450119,11440,11440680,201810
627,A,골목상권,1000493,양화진길,192275,449768,11440,11440680,201810
628,A,골목상권,1000494,와우산로29가길,193621,450522,11440,11440660,201810
629,A,골목상권,1000495,와우산로29길,193732,450679,11440,11440660,201810
630,A,골목상권,1000496,와우산로3길,193006,449628,11440,11440655,201810
631,A,골목상권,1000729,영등포로62길,192544,446278,11560,11560515,201810
632,A,골목상권,1000501,월드컵로25길,191300,450899,11440,11440700,201810
633,A,골목상권,1000502,월드컵로36길,191667,451923,11440,11440730,201810
634,A,골목상권,1000503,월드컵로7길,192062,450358,11440,11440680,201810
635,A,골목상권,1000504,월드컵로8길,192461,450460,11440,11440660,201810
636,A,골목상권,1000688,당산로31길,190718,447453,11560,11560550,201810
637,A,골목상권,1000689,당산로37길,190950,447834,11560,11560560,201810
638,A,골목상권,1000830,조원로18길,192293,442591,11620,11620725,201810
639,A,골목상권,1000062,우사단로10길,200057,448033,11170,11170700,201810
640,A,골목상권,1000063,우사단로14길,199856,448248,11170,11170685,201810
641,A,골목상권,1000028,난계로11길,201972,451907,11140,11140670,201810
642,A,골목상권,1000029,난계로21길,201997,452200,11140,11140670,201810
643,A,골목상권,1000766,성대로1길,194174,444638,11590,11590560,201810
644,A,골목상권,1000870,서초대로23길,199192,443413,11650,11650621,201810
645,A,골목상권,1000245,면목로49길,207627,453701,11260,11260575,201810
646,A,골목상권,1000626,구로동로15길,189612,443201,11530,11530530,201810
647,A,골목상권,1000627,구로동로28길,190141,443588,11530,11530530,201810
648,A,골목상권,1000628,구로동로38길,189767,443943,11530,11530530,201810
649,A,골목상권,1000629,구로동로41길,189508,443868,11530,11530530,201810
650,A,골목상권,1000630,구로동로42길,189734,444240,11530,11530530,201810
651,A,골목상권,1000871,서초대로25길,199383,443402,11650,11650621,201810
652,A,골목상권,1000841,양지길,193876,441289,11620,11620745,201810
653,A,골목상권,1000497,월드컵로10길,192303,450668,11440,11440660,201810
654,A,골목상권,1000498,월드컵로11길,191900,450553,11440,11440690,201810
655,A,골목상권,1000581,국회대로7길,187469,447855,11500,11500550,201810
656,A,골목상권,1000816,신림로11길,194627,440843,11620,11620735,201810
657,A,골목상권,1000817,신림로28길,194304,441486,11620,11620665,201810
658,A,골목상권,1000818,신림로38길,194573,441829,11620,11620665,201810
659,A,골목상권,1000819,신림로48길,194148,442166,11620,11620645,201810
660,A,골목상권,1000780,관악로10길,195952,441919,11620,11620585,201810
661,A,골목상권,1000781,관악로14길,195965,442143,11620,11620585,201810
662,A,골목상권,1000938,학동로6길,202349,445729,11680,11680521,201810
663,A,골목상권,1000939,학동로77길,204254,446759,11680,11680565,201810
664,A,골목상권,1000613,개봉로20길,187593,443705,11530,11530750,201810
665,A,골목상권,1000614,개봉로23가길,187529,444037,11530,11530740,201810
666,A,골목상권,1000615,개봉로2길,187429,443302,11530,11530760,201810
667,A,골목상권,1000533,신목로6길,188924,446838,11470,11470630,201810
668,A,골목상권,1000534,신월로15길,185950,446745,11470,11470590,201810
669,A,골목상권,1000625,공원로6가길,190286,444929,11530,11530560,201810
670,A,골목상권,1000034,동호로10길,201166,450793,11140,11140645,201810
671,A,골목상권,1000035,동호로11길,200613,450258,11140,11140625,201810
672,A,골목상권,1000036,동호로15길,200727,450657,11140,11140625,201810
673,A,골목상권,1000384,상계로9가길,206059,462212,11350,11350640,201810
674,A,골목상권,1000217,한천로46길,206292,453583,11230,11230660,201810
675,A,골목상권,1000218,휘경로14길,205606,454875,11230,11230720,201810
676,A,골목상권,1000219,휘경로23길,205848,455272,11230,11230740,201810
677,A,골목상권,1000220,휘경로2길,205344,455062,11230,11230740,201810
678,A,골목상권,1000361,도봉로143길,203467,462516,11320,11320690,201810
679,A,골목상권,1000362,도봉로147길,203596,462777,11320,11320690,201810
680,A,골목상권,1000834,청룡길,195274,442365,11620,11620595,201810
681,A,골목상권,1000820,신림로64길,194070,442898,11620,11620695,201810
682,A,골목상권,1000483,성미산로32길,193225,451504,11440,11440710,201810
683,A,골목상권,1000484,성산로4길,191899,451569,11440,11440720,201810
684,A,골목상권,1000847,고무래로8길,200926,444577,11650,11650581,201810
685,A,골목상권,1000848,남부순환로317길,200974,442489,11650,11650530,201810
686,A,골목상권,1000849,남부순환로325길,201200,442603,11650,11650530,201810
687,A,골목상권,1000850,남부순환로339길,201888,442763,11650,11650510,201810
688,A,골목상권,1000851,논현로1길,204296,441348,11650,11650652,201810
689,A,골목상권,1001004,천호대로170길,211664,448173,11740,11740650,201810
690,A,골목상권,1001005,천호대로187길,212591,448407,11740,11740685,201810
691,A,골목상권,1000424,증산로17길,192125,454566,11380,11380632,201810
692,A,골목상권,1000391,갈현로33길,192397,457977,11380,11380552,201810
693,A,골목상권,1000392,갈현로41길,192480,458407,11380,11380551,201810
694,A,골목상권,1000385,석계로1길,205539,457424,11350,11350560,201810
695,A,골목상권,1000386,한글비석로22길,206574,462311,11350,11350624,201810
696,A,골목상권,1000621,고척로21나길,186223,444769,11530,11530740,201810
697,A,골목상권,1000622,고척로27길,186394,445057,11530,11530740,201810
698,A,골목상권,1000623,고척로27다길,186602,445098,11530,11530730,201810
699,A,골목상권,1000862,방배로18길,199683,442936,11650,11650600,201810
700,A,골목상권,1000246,면목로55길,207602,453872,11260,11260565,201810
701,A,골목상권,1000023,창신5길,201066,452759,11110,11110680,201810
702,A,골목상권,1000024,창신길,200908,452963,11110,11110680,201810
703,A,골목상권,1000146,뚝섬로48길,206766,447971,11215,11215830,201810
704,A,골목상권,1000147,뚝섬로54길,207123,447767,11215,11215830,201810
705,A,골목상권,1000148,뚝섬로58길,207454,447905,11215,11215830,201810
706,A,골목상권,1000149,뚝섬로64길,207752,448054,11215,11215830,201810
707,A,골목상권,1000244,면목로48길,208083,453648,11260,11260575,201810
708,A,골목상권,1000542,중앙로25길,186939,446330,11470,11470640,201810
709,A,골목상권,1000802,남현3길,198090,441787,11620,11620630,201810
710,A,골목상권,1000617,경인로15길,185693,444073,11530,11530770,201810
711,A,골목상권,1000618,경인로31길,186739,444580,11530,11530740,201810
712,A,골목상권,1000725,여의대방로61길,193198,446166,11560,11560630,201810
713,A,골목상권,1000726,영등포로25길,190924,447024,11560,11560550,201810
714,A,골목상권,1000727,영등포로27길,191114,446969,11560,11560550,201810
715,A,골목상권,1000728,영등포로35길,191411,446916,11560,11560535,201810
716,A,골목상권,1000019,종로65길,201735,452935,11110,11110710,201810
717,A,골목상권,1000020,지봉로8길,201461,452985,11110,11110700,201810
718,A,골목상권,1000021,창경궁로35길,200110,454168,11110,11110650,201810
719,A,골목상권,1000414,은평로20길,194148,455532,11380,11380580,201810
720,A,골목상권,1000415,은평로3길,192459,455648,11380,11380625,201810
721,A,골목상권,1000033,다산로39길,201208,451641,11140,11140615,201810
722,A,골목상권,1000561,강서로47길,185124,450417,11500,11500611,201810
723,A,골목상권,1000562,강서로47라길,185242,450212,11500,11500611,201810
724,A,골목상권,1000837,행운길,196484,442259,11620,11620575,201810
725,A,골목상권,1000838,호암로20길,194185,440948,11620,11620735,201810
726,A,골목상권,1000839,호암로24길,194276,441181,11620,11620735,201810
727,A,골목상권,1000731,영등포로84길,193107,445796,11560,11560630,201810
728,A,골목상권,1000822,신사로20길,192708,443172,11620,11620685,201810
729,A,골목상권,1000823,신원로3길,193543,442419,11620,11620655,201810
730,A,골목상권,1000824,양녕로6길,195519,442702,11620,11620615,201810
731,A,골목상권,1000825,은천로25길,195491,443142,11620,11620565,201810
732,A,골목상권,1000826,인헌길,197121,441367,11620,11620625,201810
733,A,골목상권,1000827,장군봉1길,194901,442500,11620,11620595,201810
734,A,골목상권,1000828,장군봉2길,194590,442583,11620,11620595,201810
735,A,골목상권,1000947,백제고분로33길,208823,445066,11710,11710600,201810
736,A,골목상권,1000948,백제고분로34길,208791,444617,11710,11710600,201810
737,A,골목상권,1000582,까치산로4길,186351,449042,11500,11500590,201810
738,A,골목상권,1000583,남부순환로11길,183601,450725,11500,11500620,201810
739,A,골목상권,1000683,가마산로61길,191593,445250,11560,11560650,201810
740,A,골목상권,1000684,경인로77길,190585,445954,11560,11560605,201810
741,A,골목상권,1000685,경인로80길,190722,445774,11560,11560605,201810
742,A,골목상권,1000686,경인로90길,191288,446071,11560,11560605,201810
743,A,골목상권,1000399,연서로11길,192313,456478,11380,11380560,201810
744,A,골목상권,1000400,연서로13길,192384,456758,11380,11380560,201810
745,A,골목상권,1000401,연서로16길,192763,456583,11380,11380625,201810
746,A,골목상권,1000619,경인로35길,187016,444481,11530,11530740,201810
747,A,골목상권,1000620,경인로47길,188099,444644,11530,11530720,201810
748,A,골목상권,1000283,솔샘로6길,200578,456643,11290,11290640,201810
749,A,골목상권,1000284,아리랑로4길,201562,455084,11290,11290575,201810
750,A,골목상권,1000030,다산로33길,201090,451445,11140,11140615,201810
751,A,골목상권,1000031,다산로36길,201720,451301,11140,11140665,201810
752,A,골목상권,1000032,다산로38길,201496,451452,11140,11140665,201810
753,A,골목상권,1000080,한강대로52길,197540,448011,11170,11170625,201810
754,A,골목상권,1000081,한강대로62길,197687,448257,11170,11170625,201810
755,A,골목상권,1000082,한강대로7길,196586,447224,11170,11170625,201810
756,A,골목상권,1000083,한강대로88길,197597,449480,11170,11170530,201810
757,A,골목상권,1000084,한남대로20길,200766,448378,11170,11170685,201810
758,A,골목상권,1000478,모래내로7길,192124,452067,11440,11440730,201810
759,A,골목상권,1000479,방울내로9안길,191229,451254,11440,11440700,201810
760,A,골목상권,1000480,백범로16길,195076,449613,11440,11440600,201810
761,A,골목상권,1000481,성미산로11길,192589,451496,11440,11440720,201810
762,A,골목상권,1000482,성미산로1길,191824,451217,11440,11440720,201810
763,A,골목상권,1000911,도산대로89길,204550,447432,11680,11680565,201810
764,A,골목상권,1000584,등촌로13길,187668,448544,11500,11500570,201810
765,A,골목상권,1000687,국회대로56길,192063,446983,11560,11560535,201810
766,A,골목상권,1000746,만양로8길,195262,445546,11590,11590510,201810
767,A,골목상권,1001000,진황도로47길,212452,448612,11740,11740685,201810
768,A,골목상권,1001001,천중로39길,212368,449352,11740,11740600,201810
769,A,골목상권,1001002,천중로51길,212791,449472,11740,11740530,201810
770,A,골목상권,1001003,천호대로162길,211332,448445,11740,11740650,201810
771,A,골목상권,1000690,당산로38길,191113,447676,11560,11560560,201810
772,A,골목상권,1000285,안암로5길,202061,453623,11290,11290600,201810
773,A,골목상권,1000286,오패산로19길,202984,456684,11290,11290715,201810
774,A,골목상권,1000559,강서로45길,185385,449808,11500,11500560,201810
775,A,골목상권,1000560,강서로45다길,185417,449519,11500,11500560,201810
776,A,골목상권,1000416,은평로8길,192800,455304,11380,11380580,201810
777,A,골목상권,1000417,응암로12길,192824,454189,11380,11380600,201810
778,A,골목상권,1000418,응암로13길,192524,454427,11380,11380600,201810
779,A,골목상권,1000090,금호산길,201677,450272,11200,11200615,201810
780,A,골목상권,1000091,둘레9길,204546,448681,11200,11200650,201810
781,A,골목상권,1000092,뚝섬로5길,204500,449227,11200,11200670,201810
782,A,골목상권,1000093,마장로27길,203154,452030,11200,11200540,201810
783,A,골목상권,1000225,공릉로12가길,207273,457568,11260,11260620,201810
784,A,골목상권,1000160,자양로26길,207640,449087,11215,11215850,201810
785,A,골목상권,1000161,자양로45길,207907,450540,11215,11215770,201810
786,A,골목상권,1000863,방배로35길,198990,443655,11650,11650590,201810
787,A,골목상권,1000705,도신로60길,192637,445695,11560,11560630,201810
788,A,골목상권,1000706,도신로62길,192820,445709,11560,11560630,201810
789,A,골목상권,1000707,디지털로37길,190955,443493,11560,11560710,201810
790,A,골목상권,1000708,디지털로57길,191137,443651,11560,11560710,201810
791,A,골목상권,1000709,디지털로74길,191779,443939,11560,11560700,201810
792,A,골목상권,1000801,남현2길,197755,441786,11620,11620630,201810
793,A,골목상권,1000448,증가로20가길,192870,453469,11410,11410720,201810
794,A,골목상권,1000691,당산로46길,191550,448255,11560,11560560,201810
795,A,골목상권,1000803,남현길,197858,441593,11620,11620630,201810
796,A,골목상권,1000804,당곡길,193666,443497,11620,11620525,201810
797,A,골목상권,1000805,대학14길,194319,440645,11620,11620735,201810
798,A,골목상권,1000806,대학길,194450,440913,11620,11620735,201810
799,A,골목상권,1000807,미성5길,192465,441687,11620,11620765,201810
800,A,골목상권,1000940,거마로20길,213132,444332,11710,11710550,201810
801,A,골목상권,1000419,응암로14길,192904,454501,11380,11380600,201810
802,A,골목상권,1000420,응암로22길,192956,454877,11380,11380600,201810
803,A,골목상권,1000397,수색로18길,190709,453892,11380,11380650,201810
804,A,골목상권,1000079,한강대로43길,197274,448011,11170,11170625,201810
805,A,골목상권,1000025,통일로12길,196599,452806,11110,11110580,201810
806,A,골목상권,1000864,방배로42길,199152,443890,11650,11650590,201810
807,A,골목상권,1000865,사임당로17길,201576,443742,11650,11650510,201810
808,A,골목상권,1000866,사평대로22길,199756,444289,11650,11650581,201810
809,A,골목상권,1000433,통일로87길,192815,458255,11380,11380551,201810
810,A,골목상권,1000434,통일로92길,193107,458384,11380,11380530,201810
811,A,골목상권,1000408,연서로34길,193716,457984,11380,11380530,201810
812,A,골목상권,1000840,양산길,194016,441584,11620,11620745,201810
813,A,골목상권,1000640,도림로12길,190182,443035,11530,11530540,201810
814,A,골목상권,1000604,화곡로20길,185416,448818,11500,11500540,201810
815,A,골목상권,1000605,화곡로31길,185914,449435,11500,11500615,201810
816,A,골목상권,1000606,화곡로44나길,186639,449945,11500,11500591,201810
817,A,골목상권,1000607,화곡로59길,186712,450571,11500,11500591,201810
818,A,골목상권,1000608,화곡로64길,187262,450720,11500,11500520,201810
819,A,골목상권,1000710,선유로55길,190842,448691,11560,11560620,201810
820,A,골목상권,1000711,선유서로24길,190127,447094,11560,11560610,201810
821,A,골목상권,1000949,백제고분로39길,209213,445177,11710,11710600,201810
822,A,골목상권,1000950,백제고분로42길,209766,445037,11710,11710580,201810
823,A,골목상권,1000951,백제고분로45길,209684,445610,11710,11710580,201810
824,A,골목상권,1000952,백제고분로46길,210118,445351,11710,11710580,201810
825,A,골목상권,1000953,백제고분로50길,210383,445985,11710,11710562,201810
826,A,골목상권,1000954,삼전로13길,207717,445242,11710,11710650,201810
827,A,골목상권,1000912,봉은사로109길,205464,446454,11680,11680580,201810
828,A,골목상권,1000026,평창길,197845,456978,11110,11110560,201810
829,A,골목상권,1000027,필운대로1길,197051,453169,11110,11110530,201810
830,A,골목상권,1000458,광성로6길,194578,449861,11440,11440630,201810
831,A,골목상권,1000459,대흥로21길,194970,450521,11440,11440600,201810
832,A,골목상권,1000087,후암로28길,198209,449963,11170,11170510,201810
833,A,골목상권,1000111,송정12라길,206021,450206,11200,11200720,201810
834,A,골목상권,1000112,송정4가길,205707,449942,11200,11200720,201810
835,A,골목상권,1000113,아차산로11길,205275,449569,11200,11200690,201810
836,A,골목상권,1000114,아차산로15길,205575,449536,11200,11200690,201810
837,A,골목상권,1000115,아차산로5길,204680,449891,11200,11200690,201810
838,A,골목상권,1000116,왕십리로14길,204042,449995,11200,11200660,201810
839,A,골목상권,1000117,왕십리로21길,202778,451092,11200,11200560,201810
840,A,골목상권,1000775,장승배기로10길,194792,445005,11590,11590540,201810
841,A,골목상권,1000642,디지털로27길,190289,442719,11530,11530595,201810
842,A,골목상권,1000643,디지털로32가길,190975,442372,11530,11530540,201810
843,A,골목상권,1000644,디지털로32길,191191,442651,11530,11530540,201810
844,A,골목상권,1000645,부일로11길,185004,444272,11530,11530790,201810
845,A,골목상권,1000646,부일로15길,185268,443877,11530,11530790,201810
846,A,골목상권,1000745,만양로14길,195350,445816,11590,11590510,201810
847,A,골목상권,1000713,선유서로28길,190103,447239,11560,11560610,201810
848,A,골목상권,1000776,장승배기로19길,194549,445391,11590,11590520,201810
849,A,골목상권,1000777,장승배기로27길,194573,445741,11590,11590520,201810
850,A,골목상권,1000778,흑석로13길,196448,445595,11590,11590605,201810
851,A,골목상권,1000779,흑석로9길,196297,445389,11590,11590605,201810
852,A,골목상권,1000886,강남대로118길,202485,445404,11680,11680521,201810
853,A,골목상권,1000887,강남대로136길,202160,445961,11680,11680521,201810
854,A,골목상권,1000888,강남대로140길,201984,446133,11680,11680521,201810
855,A,골목상권,1000811,봉천로13길,193935,443528,11620,11620525,201810
856,A,골목상권,1000004,명륜길,199558,454351,11110,11110650,201810
857,A,골목상권,1000005,백석동길,197153,455283,11110,11110550,201810
858,A,골목상권,1000287,오패산로3길,203102,456349,11290,11290715,201810
859,A,골목상권,1000432,통일로78길,193459,457694,11380,11380530,201810
860,A,골목상권,1000195,장한로14길,206167,451791,11230,11230650,201810
861,A,골목상권,1000085,회나무로13길,199187,449028,11170,11170660,201810
862,A,골목상권,1000086,효창원로39길,196312,448724,11170,11170590,201810
863,A,골목상권,1000196,장한로25길,206031,452501,11230,11230650,201810
864,A,골목상권,1000134,긴고랑로7길,207035,451805,11215,11215740,201810
865,A,골목상권,1000135,긴고랑로8길,206819,451375,11215,11215740,201810
866,A,골목상권,1000136,긴고랑로9길,207283,451745,11215,11215760,201810
867,A,골목상권,1000585,등촌로39길,187657,449634,11500,11500530,201810
868,A,골목상권,1000586,등촌로51길,187730,449955,11500,11500530,201810
869,A,골목상권,1000587,등촌로55길,187760,450099,11500,11500530,201810
870,A,골목상권,1000588,등촌로5길,187854,448269,11500,11500570,201810
871,A,골목상권,1000589,방화대로21길,183464,451496,11500,11500620,201810
872,A,골목상권,1000590,방화대로6라길,183911,450624,11500,11500620,201810
873,A,골목상권,1000574,공항대로38길,185900,450930,11500,11500615,201810
874,A,골목상권,1000575,공항대로42길,186172,450855,11500,11500615,201810
875,A,골목상권,1000692,대림로22길,191481,443951,11560,11560700,201810
876,A,골목상권,1000693,대림로29길,190906,443916,11560,11560720,201810
877,A,골목상권,1000694,대림로31길,190841,444186,11560,11560720,201810
878,A,골목상권,1000695,대림로34길,191157,444470,11560,11560720,201810
879,A,골목상권,1000696,대림로44길,191007,444782,11560,11560720,201810
880,A,골목상권,1000550,화곡로3길,184760,449103,11470,11470600,201810
881,A,골목상권,1000551,화곡로4길,184811,448729,11470,11470600,201810
882,A,골목상권,1000321,도봉로18길,202695,457873,11305,11305545,201810
883,A,골목상권,1000322,도봉로45길,202226,458286,11305,11305535,201810
884,A,골목상권,1000323,도봉로67길,201962,458908,11305,11305535,201810
885,A,골목상권,1000324,도봉로76길,202235,459287,11305,11305535,201810
886,A,골목상권,1000325,도봉로8길,202879,456817,11305,11305545,201810
887,A,골목상권,1000421,응암로34길,193069,455315,11380,11380580,201810
888,A,골목상권,1000461,도화4길,195659,448858,11440,11440585,201810
889,A,골목상권,1000162,자양로50길,208337,450274,11215,11215860,201810
890,A,골목상권,1000163,자양로53길,207975,450732,11215,11215770,201810
891,A,골목상권,1000164,자양번영로3길,206499,448000,11215,11215840,201810
892,A,골목상권,1000165,천호대로109길,207232,450940,11215,11215750,201810
893,A,골목상권,1000166,천호대로123길,207708,450737,11215,11215750,201810
894,A,골목상권,1000132,광나루로52길,208131,449003,11215,11215870,201810
895,A,골목상권,1000301,종암로19길,202829,455387,11290,11290705,201810
896,A,골목상권,1000854,동광로1길,198578,443894,11650,11650590,201810
897,A,골목상권,1000449,증가로23나길,192329,453366,11410,11410720,201810
898,A,골목상권,1000450,증가로6길,193630,453172,11410,11410685,201810
899,A,골목상권,1000451,충정로4길,196844,451252,11410,11410565,201810
900,A,골목상권,1000452,충정로6길,197106,451476,11410,11410565,201810
901,A,골목상권,1000453,통일로11길,196660,452192,11410,11410520,201810
902,A,골목상권,1000454,통일로37길,195100,454161,11410,11410620,201810
903,A,골목상권,1000455,통일로39길,194935,454243,11410,11410620,201810
904,A,골목상권,1000456,홍연길,193814,452925,11410,11410615,201810
905,A,골목상권,1000457,홍제내길,194424,454124,11410,11410620,201810
906,A,골목상권,1000485,성지3길,192517,449670,11440,11440680,201810
907,A,골목상권,1000486,숭문8길,195328,450239,11440,11440610,201810
908,A,골목상권,1000487,숭문길,195188,449855,11440,11440610,201810
909,A,골목상권,1000462,도화길,195575,449041,11440,11440585,201810
910,A,골목상권,1000463,독막로22길,193717,449710,11440,11440655,201810
911,A,골목상권,1000464,독막로32길,194462,449593,11440,11440630,201810
912,A,골목상권,1000465,독막로8길,192751,449724,11440,11440680,201810
913,A,골목상권,1000466,동교로17길,192533,450801,11440,11440660,201810
914,A,골목상권,1000001,계동길,198799,453610,11110,11110600,201810
915,A,골목상권,1000002,난계로27길,201996,452630,11110,11110710,201810
916,A,골목상권,1000003,돈화문로11가길,198977,452902,11110,11110615,201810
917,A,골목상권,1000409,연서로3길,192240,455869,11380,11380625,201810
918,A,골목상권,1000410,연서로41길,193548,458403,11380,11380530,201810
919,A,골목상권,1000393,갈현로7길,191903,456014,11380,11380625,201810
920,A,골목상권,1000394,불광천길,192607,454963,11380,11380600,201810
921,A,골목상권,1000395,서오릉로21길,191844,457148,11380,11380560,201810
922,A,골목상권,1000396,서오릉로8길,193253,456612,11380,11380570,201810
923,A,골목상권,1000985,암사길,212002,450265,11740,11740570,201810
924,A,골목상권,1000788,낙성대역길,196707,441745,11620,11620625,201810
925,A,골목상권,1000789,난곡로24길,193057,440995,11620,11620775,201810
926,A,골목상권,1000790,난곡로26길,193163,441178,11620,11620775,201810
927,A,골목상권,1000791,난곡로34길,193013,441433,11620,11620775,201810
928,A,골목상권,1000792,난곡로74길,192478,442989,11620,11620685,201810
929,A,골목상권,1000913,봉은사로29길,203136,445611,11680,11680531,201810
930,A,골목상권,1000914,봉은사로43길,203577,445706,11680,11680531,201810
931,A,골목상권,1000915,봉은사로57길,203931,445998,11680,11680590,201810
932,A,골목상권,1000916,봉은사로68길,204570,445682,11680,11680590,201810
933,A,골목상권,1000917,삼성로115길,204361,446081,11680,11680590,201810
934,A,골목상권,1000918,삼성로147길,204120,446965,11680,11680565,201810
935,A,골목상권,1000919,삼성로57길,205182,444195,11680,11680600,201810
936,A,골목상권,1000652,중앙로15길,187176,445281,11530,11530730,201810
937,D,발달상권,1001034,서울 서초구 방배역,199778,442583,11650,11650600,201810
938,D,발달상권,1001035,매봉역,203846,442852,11680,11680656,201810
939,D,발달상권,1001036,문정역,210941,442966,11710,11710641,201810
940,D,발달상권,1001037,양재역,203187,442939,11680,11680655,201810
941,D,발달상권,1001072,신대방삼거리역,193642,444386,11590,11590550,201810
942,D,발달상권,1001063,교대역_4,201323,444027,11650,11650531,201810
943,D,발달상권,1001064,대림역_1,190345,444047,11530,11530550,201810
944,D,발달상권,1001065,은마아파트입구사거리_1,205353,444275,11680,11680600,201810
945,D,발달상권,1001124,서울 영등포구 영등포시장역,191958,446744,11560,11560535,201810
946,D,발달상권,1001125,학동사거리_2,203575,446995,11680,11680565,201810
947,D,발달상권,1001126,서울 양천구 신정네거리역_2,187064,446916,11470,11470650,201810
948,D,발달상권,1001127,서울 영등포구 여의도역_1,193742,446787,11560,11560540,201810
949,D,발달상권,1001128,청담사거리_1,204125,447117,11680,11680565,201810
950,D,발달상권,1001129,청담사거리_2,204327,447143,11680,11680565,201810
951,D,발달상권,1001130,청담역_1,204858,447001,11680,11680565,201810
952,D,발달상권,1001131,청담역_2,204988,447072,11680,11680565,201810
953,D,발달상권,1001132,영등포유통상가,190602,447016,11560,11560550,201810
954,D,발달상권,1001133,청담사거리_3,204373,447292,11680,11680565,201810
955,D,발달상권,1001134,서울 영등포구 여의도역_2,193429,447136,11560,11560540,201810
956,R,전통시장,1001378,아현가구거리상점가,196360,450913,11410,11410555,201810
957,R,전통시장,1001430,영등포전통시장,191635,446406,11560,11560535,201810
958,R,전통시장,1001431,영등포청과시장,191226,446889,11560,11560550,201810
959,R,전통시장,1001432,도림시장,191023,445601,11560,11560585,201810
960,R,전통시장,1001433,영일시장,191256,446439,11560,11560605,201810
961,R,전통시장,1001434,양남시장,190382,447047,11560,11560610,201810
962,R,전통시장,1001435,대신시장,192714,445736,11560,11560630,201810
963,R,전통시장,1001436,사러가시장,192020,445204,11560,11560650,201810
964,R,전통시장,1001455,봉일시장,194578,442936,11620,11620605,201810
965,R,전통시장,1001456,봉천현대시장,195277,443012,11620,11620605,201810
966,R,전통시장,1001457,봉천중앙시장,195973,442763,11620,11620615,201810
967,R,전통시장,1001458,인헌시장,196972,441674,11620,11620625,201810
968,A,골목상권,1000302,종암로21길,202811,455713,11290,11290705,201810
969,A,골목상권,1000259,용마산로94길,208730,454300,11260,11260575,201810
970,A,골목상권,1000260,중랑천로10길,206578,454669,11260,11260520,201810
971,A,골목상권,1000261,길음로7길,202021,456036,11290,11290660,201810
972,A,골목상권,1000262,돌곶이로14길,205457,456535,11290,11290810,201810
973,A,골목상권,1000263,돌곶이로22길,205266,456739,11290,11290810,201810
974,A,골목상권,1000402,연서로17길,192461,457107,11380,11380552,201810
975,D,발달상권,1001135,신사동 가로수길,202127,446882,11680,11680510,201810
976,D,발달상권,1001136,오목교역,188955,447314,11470,11470510,201810
977,D,발달상권,1001137,서울 강동구 둔촌동역,211888,447413,11740,11740660,201810
978,D,발달상권,1001138,압구정 로데오거리_1,203788,447314,11680,11680565,201810
979,D,발달상권,1001139,서울 영등포구 영등포구청역,190942,447395,11560,11560550,201810
980,D,발달상권,1001140,서울 강남구 압구정역,202703,447288,11680,11680545,201810
981,D,발달상권,1001233,서울 종로구 종로3가역_3,199463,452688,11110,11110615,201810
982,D,발달상권,1001234,서울 종로구 경복궁역_1,197440,453033,11110,11110530,201810
983,D,발달상권,1001235,서울 종로구 안국역_1,198836,453194,11110,11110600,201810
984,D,발달상권,1001236,서울 종로구 안국역_2,198614,453102,11110,11110540,201810
985,D,발달상권,1001237,서울 종로구 경복궁역_2,197617,453100,11110,11110530,201810
986,D,발달상권,1001238,서울 동대문구 청량리역,204139,453462,11230,11230560,201810
987,D,발달상권,1001239,디지털미디어시티,190290,453427,11440,11440740,201810
988,D,발달상권,1001240,혜화역 대학로_1,200277,453642,11110,11110640,201810
989,R,전통시장,1001459,신원시장,193564,442580,11620,11620655,201810
990,R,전통시장,1001392,동진시장,193533,451424,11440,11440710,201810
991,R,전통시장,1001393,마포농수산물시장,190850,451572,11440,11440730,201810
992,R,전통시장,1001379,인왕시장,194990,454594,11410,11410640,201810
993,R,전통시장,1001380,포방터시장,195491,455485,11410,11410660,201810
994,R,전통시장,1001381,모래내시장,192532,452364,11410,11410690,201810
995,R,전통시장,1001382,백련시장,193208,453050,11410,11410700,201810
996,R,전통시장,1001383,공덕시장,195838,449448,11440,11440555,201810
997,R,전통시장,1001384,마포시장,195866,449517,11440,11440555,201810
998,R,전통시장,1001385,아현시장,196013,450782,11440,11440555,201810
999,R,전통시장,1001386,신수시장,194285,449529,11440,11440630,201810
1000,R,전통시장,1001387,서교시장,193067,450433,11440,11440660,201810
1001,R,전통시장,1001388,영진시장,192299,450437,11440,11440660,201810
1002,R,전통시장,1001389,합정시장,192331,449862,11440,11440680,201810
1003,R,전통시장,1001390,망원시장,191700,450757,11440,11440690,201810
1004,A,골목상권,1000074,청파로47나길,197173,449736,11170,11170555,201810
1005,A,골목상권,1000075,청파로71길,197088,449997,11170,11170555,201810
1006,A,골목상권,1000076,청파로73길,197110,450285,11170,11170555,201810
1007,A,골목상권,1000159,자양로15길,207186,448484,11215,11215820,201810
1008,A,골목상권,1000125,한림말3길,201433,449279,11200,11200645,201810
1009,A,골목상권,1000126,한림말길,201180,449048,11200,11200645,201810
1010,A,골목상권,1000127,광나루로12길,206073,449751,11215,11215710,201810
1011,D,발달상권,1001141,압구정 로데오거리_2,203288,447403,11680,11680545,201810
1012,D,발달상권,1001142,국회의사당역_1,192692,447554,11560,11560540,201810
1013,D,발달상권,1001143,서울 용산구 신용산역,197315,447811,11170,11170625,201810
1014,D,발달상권,1001144,국회의사당역_2,192947,447754,11560,11560540,201810
1015,D,발달상권,1001145,용산 전자상가_1,196497,447798,11170,11170625,201810
1016,D,발달상권,1001146,용산구청,199141,448098,11170,11170650,201810
1017,D,발달상권,1001147,용산 전자상가_2,196988,448177,11170,11170625,201810
1018,D,발달상권,1001148,목동사거리,187986,448119,11470,11470540,201810
1019,D,발달상권,1001149,한남오거리,200551,448182,11170,11170685,201810
1020,D,발달상권,1001241,혜화역 대학로_2,199884,453809,11110,11110650,201810
1021,D,발달상권,1001242,혜화역 대학로_3,200023,453715,11110,11110650,201810
1022,D,발달상권,1001243,서울 성북구 안암역,202618,454030,11290,11290600,201810
1023,D,발달상권,1001244,경희대학교,204609,454758,11230,11230710,201810
1024,D,발달상권,1001245,서울 성북구 성신여대입구역,201566,454637,11290,11290575,201810
1025,D,발달상권,1001246,미아사거리_1,202631,456413,11290,11290715,201810
1026,D,발달상권,1001204,서울 중구 을지로3가역_1,199308,451766,11140,11140605,201810
1027,D,발달상권,1001205,동대문역사문화공원역,200426,451788,11140,11140590,201810
1028,D,발달상권,1001157,서울 강동구 천호역_1,211139,448643,11740,11740650,201810
1029,R,전통시장,1001391,망원월드컵시장,191642,450960,11440,11440700,201810
1030,R,전통시장,1001403,신월7동골목시장,185257,447058,11470,11470611,201810
1031,R,전통시장,1001404,신정제일시장,187123,446835,11470,11470620,201810
1032,R,전통시장,1001405,신정2동골목시장,189085,446859,11470,11470630,201810
1033,R,전통시장,1001406,신정3동골목시장,187005,446592,11470,11470640,201810
1034,R,전통시장,1001394,목2동시장,188801,449649,11470,11470520,201810
1035,R,전통시장,1001395,목3동시장,188065,449908,11470,11470530,201810
1036,R,전통시장,1001271,동묘시장,201645,452549,11110,11110710,201810
1037,R,전통시장,1001359,창동신창시장,203266,460010,11320,11320512,201810
1038,R,전통시장,1001360,창동골목시장,203458,459884,11320,11320513,201810
1039,R,전통시장,1001361,신도봉시장,203671,463403,11320,11320521,201810
1040,A,골목상권,1000403,연서로21길,192548,457302,11380,11380552,201810
1041,A,골목상권,1000404,연서로27길,192672,457591,11380,11380552,201810
1042,A,골목상권,1000405,연서로28길,193069,457405,11380,11380570,201810
1043,A,골목상권,1000406,연서로29길,192727,457882,11380,11380551,201810
1044,A,골목상권,1000407,연서로33길,193322,458034,11380,11380530,201810
1045,A,골목상권,1000425,증산로21길,192270,455209,11380,11380631,201810
1046,A,골목상권,1000047,퇴계로56길,200427,451429,11140,11140580,201810
1047,D,발달상권,1001150,서울 용산구 이태원역,199532,448274,11170,11170650,201810
1048,D,발달상권,1001151,용산 전자상가_3,196249,448167,11170,11170570,201810
1049,D,발달상권,1001152,서울 광진구 강변역,208480,448480,11215,11215870,201810
1050,D,발달상권,1001153,당산역_1,191112,448327,11560,11560620,201810
1051,D,발달상권,1001154,용산 전자상가_4,196450,448406,11170,11170560,201810
1052,D,발달상권,1001155,용산 전자상가_5,196870,448350,11170,11170560,201810
1053,D,발달상권,1001156,서울 강동구 길동역,212214,448512,11740,11740685,201810
1054,D,발달상권,1001120,도산공원사거리_1,202754,446796,11680,11680545,201810
1055,D,발달상권,1001158,당산역_2,191236,448444,11560,11560560,201810
1056,D,발달상권,1001159,서울 강동구 천호역,210869,448764,11710,11710510,201810
1057,D,발달상권,1001209,서울시청,198186,452033,11140,11140550,201810
1058,D,발달상권,1001210,시청역_2,197473,451652,11140,11140520,201810
1059,D,발달상권,1001211,동대문시장_1,200608,451974,11140,11140590,201810
1060,D,발달상권,1001212,서대문구 서대문역_1,196996,452052,11110,11110580,201810
1061,D,발달상권,1001213,종각역 젊음의 거리,198718,452194,11110,11110615,201810
1062,D,발달상권,1001214,종각역,198333,452228,11110,11110615,201810
1063,D,발달상권,1001215,서울 종로구 광화문역_1,197778,452176,11110,11110530,201810
1064,D,발달상권,1001216,서울 종로구 종로3가역_1,199114,452190,11110,11110615,201810
1065,R,전통시장,1001362,백운시장,201351,461795,11320,11320660,201810
1066,R,전통시장,1001363,쌍문역골목시장,202874,460978,11320,11320680,201810
1067,R,전통시장,1001364,방학동도깨비시장,203126,462853,11320,11320700,201810
1068,R,전통시장,1001365,공릉동도깨비시장,206701,458084,11350,11350595,201810
1069,R,전통시장,1001366,상계시장,206869,462814,11350,11350665,201810
1070,R,전통시장,1001367,상계중앙시장,206176,462240,11350,11350670,201810
1071,R,전통시장,1001399,경창시장,186077,447263,11470,11470570,201810
1072,R,전통시장,1001400,신월3동골목시장,184671,448280,11470,11470580,201810
1073,R,전통시장,1001401,신곡종합시장,186312,446560,11470,11470610,201810
1074,R,전통시장,1001402,신월6동골목시장,186084,446518,11470,11470610,201810
1075,R,전통시장,1001481,명일골목시장,212839,449977,11740,11740530,201810
1076,A,골목상권,1000128,광나루로24길,206710,449552,11215,11215710,201810
1077,A,골목상권,1000129,광나루로36길,207619,449373,11215,11215850,201810
1078,A,골목상권,1000130,광나루로37길,207767,449577,11215,11215860,201810
1079,A,골목상권,1000131,광나루로40길,207877,449283,11215,11215850,201810
1080,A,골목상권,1000048,퇴계로8길,198144,450792,11140,11140540,201810
1081,A,골목상권,1000049,퇴계로90길,201942,451573,11140,11140650,201810
1082,A,골목상권,1000050,녹사평대로11길,199398,446921,11170,11170690,201810
1083,A,골목상권,1000051,녹사평대로26길,199334,448029,11170,11170650,201810
1084,D,발달상권,1001121,영등포역_3,191453,446631,11560,11560535,201810
1085,D,발달상권,1001122,여의도 시범아파트앞,194576,446617,11560,11560540,201810
1086,D,발달상권,1001081,서울 강남구 역삼역_2,203463,444856,11680,11680640,201810
1087,D,발달상권,1001160,서울 광진구 구의역,207558,448724,11215,11215850,201810
1088,D,발달상권,1001161,건대입구역,206329,448779,11215,11215840,201810
1089,D,발달상권,1001162,서울 광진구 건대입구역_1,206000,448951,11215,11215847,201810
1090,D,발달상권,1001163,서울 강동구 천호역_2,211211,448887,11740,11740610,201810
1091,D,발달상권,1001164,서울 마포구 마포역_1,195356,448929,11440,11440585,201810
1092,D,발달상권,1001193,장한평역_1,205885,451406,11230,11230650,201810
1093,D,발달상권,1001194,서울 강서구 발산역,185865,451139,11500,11500535,201810
1094,D,발달상권,1001195,왕십리역_2,203050,451472,11200,11200535,201810
1095,D,발달상권,1001196,시청역_1,197665,451342,11140,11140520,201810
1096,D,발달상권,1001247,미아사거리_2,202513,456475,11290,11290685,201810
1097,D,발달상권,1001248,서울 은평구 불광역_1,193762,456659,11380,11380570,201810
1098,D,발달상권,1001218,동대문시장_2,200259,452311,11110,11110630,201810
1099,D,발달상권,1001219,서울 종로구 동대문역_1,200917,452495,11110,11110680,201810
1100,D,발달상권,1001249,서울 은평구 불광역_2,193889,456757,11380,11380520,201810
1101,D,발달상권,1001250,서울 은평구 불광역_3,193688,456829,11380,11380570,201810
1102,R,전통시장,1001343,장위전통시장,204521,456885,11290,11290770,201810
1103,R,전통시장,1001344,번동시장,204237,457970,11290,11290780,201810
1104,R,전통시장,1001345,새석관시장,204651,456516,11290,11290810,201810
1105,R,전통시장,1001346,석관시장,205334,456601,11290,11290810,201810
1106,R,전통시장,1001347,석관황금시장,205476,456688,11290,11290810,201810
1107,R,전통시장,1001352,번동북부골목시장,202653,459583,11305,11305590,201810
1108,R,전통시장,1001353,수유전통시장,202012,459062,11305,11305610,201810
1109,R,전통시장,1001342,밤나무골시장,203138,456580,11290,11290715,201810
1110,R,전통시장,1001354,우이시장,201753,460755,11305,11305620,201810
1111,R,전통시장,1001355,강북종합시장,202268,460301,11305,11305630,201810
1112,R,전통시장,1001356,수유중앙시장,201875,460080,11305,11305630,201810
1113,A,골목상권,1000052,녹사평대로32길,199282,448223,11170,11170650,201810
1114,A,골목상권,1000053,녹사평대로40나길,199019,448400,11170,11170660,201810
1115,A,골목상권,1000054,녹사평대로46길,198982,448709,11170,11170660,201810
1116,A,골목상권,1000055,대사관로34길,200517,447961,11170,11170685,201810
1117,A,골목상권,1000133,긴고랑로20길,207414,451172,11215,11215750,201810
1118,A,골목상권,1000201,장한로5길,205716,451743,11230,11230650,201810
1119,A,골목상권,1000202,장한로8길,206060,451590,11230,11230650,201810
1120,A,골목상권,1000203,전농로29길,204854,453395,11230,11230560,201810
1121,D,발달상권,1001197,장한평역_2,205428,451521,11230,11230650,201810
1122,D,발달상권,1001198,서울 강서구 송정역,183218,451315,11500,11500620,201810
1123,D,발달상권,1001168,남영역,197509,449190,11170,11170530,201810
1124,D,발달상권,1001169,서울 용산구 숙대입구역,198239,448960,11170,11170520,201810
1125,D,발달상권,1001170,공덕역,195685,449516,11440,11440555,201810
1126,D,발달상권,1001171,서울 마포구 공덕역_2,195797,449537,11440,11440555,201810
1127,D,발달상권,1001172,어린이대공원역,206349,449822,11215,11215730,201810
1128,D,발달상권,1001251,서울 강북구 미아삼거리역_1,202720,457006,11305,11305545,201810
1129,D,발달상권,1001220,서울 종로구 동대문역_2,201137,452423,11110,11110670,201810
1130,D,발달상권,1001221,장안동사거리,206311,452443,11230,11230660,201810
1131,D,발달상권,1001222,동묘앞역,201266,452642,11110,11110670,201810
1132,D,발달상권,1001223,서울 종로구 광화문역_2,197546,452523,11110,11110530,201810
1133,D,발달상권,1001224,서울 동대문구 신설동역_1,202135,452744,11230,11230536,201810
1134,D,발달상권,1001225,신설동역,201893,452752,11110,11110710,201810
1135,R,전통시장,1001357,장미원골목시장,201268,460598,11305,11305645,201810
1136,R,전통시장,1001358,수유북부시장,201421,459635,11305,11305660,201810
1137,R,전통시장,1001348,동북시장,201693,457841,11305,11305534,201810
1138,R,전통시장,1001349,방천골목시장,202934,456970,11305,11305545,201810
1139,R,전통시장,1001350,숭인시장,202583,457106,11305,11305555,201810
1140,R,전통시장,1001351,솔샘시장,201737,457754,11305,11305575,201810
1141,R,전통시장,1001409,화곡중앙골목시장,185783,448352,11500,11500540,201810
1142,R,전통시장,1001410,대원종합시장,185547,449458,11500,11500560,201810
1143,R,전통시장,1001411,남부골목시장,187642,448174,11500,11500570,201810
1144,R,전통시장,1001471,영동전통시장,202138,445523,11680,11680521,201810
1145,R,전통시장,1001472,논현종합시장,203037,445603,11680,11680531,201810
1146,R,전통시장,1001473,청담삼익시장,205099,446988,11680,11680565,201810
1147,A,골목상권,1000204,전농로3길,204994,452336,11230,11230600,201810
1148,A,골목상권,1000205,전농로4길,205220,451877,11230,11230610,201810
1149,A,골목상권,1000206,제기로21길,203647,454362,11230,11230705,201810
1150,A,골목상권,1000264,돌곶이로27길,204743,456813,11290,11290770,201810
1151,A,골목상권,1000265,돌곶이로28길,205100,457003,11290,11290770,201810
1152,A,골목상권,1000266,돌곶이로41길,204086,457540,11290,11290760,201810
1153,D,발달상권,1001173,서울 강동구 명일역,212716,450274,11740,11740530,201810
1154,D,발달상권,1001174,등촌역,188105,450061,11470,11470530,201810
1155,D,발달상권,1001175,서울 강동구 고덕역,213654,450446,11740,11740540,201810
1156,D,발달상권,1001176,서울 중구 약수역_1,200955,450518,11140,11140635,201810
1157,D,발달상권,1001177,서울 중구 약수역_2,200870,450532,11140,11140625,201810
1158,D,발달상권,1001178,서울 마포구 홍대입구역_1,192849,450553,11440,11440660,201810
1159,D,발달상권,1001179,강서구청,186804,450362,11500,11500591,201810
1160,D,발달상권,1001180,신촌역,194322,450528,11440,11440600,201810
1161,D,발달상권,1001191,왕십리역_1,202979,451054,11200,11200560,201810
1162,D,발달상권,1001226,서울 종로구 종로5가역_2,199984,452662,11110,11110630,201810
1163,D,발달상권,1001227,종로구청,198300,452598,11110,11110615,201810
1164,D,발달상권,1001228,서울 종로구 종로5가역_3,200418,452563,11110,11110630,201810
1165,D,발달상권,1001229,서울 종로구 종로5가역_4,199724,452666,11110,11110615,201810
1166,D,발달상권,1001230,인사동,198703,452617,11110,11110615,201810
1167,D,발달상권,1001182,홍익대학교 주변,193065,450293,11440,11440660,201810
1168,R,전통시장,1001483,암사종합시장,211411,450165,11740,11740570,201810
1169,R,전통시장,1001484,양지골목시장,212119,450678,11740,11740590,201810
1170,R,전통시장,1001485,고분다리골목시장,211664,449227,11740,11740600,201810
1171,R,전통시장,1001486,동서울시장,211326,449183,11740,11740610,201810
1172,R,전통시장,1001487,천호시장,211283,449078,11740,11740610,201810
1173,R,전통시장,1001488,성내골목시장,211277,448270,11740,11740650,201810
1174,R,전통시장,1001489,둔촌역전통시장,211974,447590,11740,11740660,201810
1175,R,전통시장,1001339,정릉아리랑시장,201018,455847,11290,11290630,201810
1176,R,전통시장,1001482,고덕전통시장,214971,450932,11740,11740560,201810
1177,R,전통시장,1001340,정릉시장,200743,456520,11290,11290640,201810
1178,R,전통시장,1001341,길음시장,201949,455930,11290,11290660,201810
1179,A,골목상권,1000267,돌곶이로8길,205594,456429,11290,11290810,201810
1180,A,골목상권,1000268,동소문로13길,201094,454807,11290,11290575,201810
1181,A,골목상권,1000269,동소문로15길,201354,454939,11290,11290575,201810
1182,A,골목상권,1000270,동소문로26가길,201813,454970,11290,11290575,201810
1183,A,골목상권,1000271,동소문로2길,200805,454405,11290,11290555,201810
1184,A,골목상권,1000272,동소문로6길,200666,454324,11290,11290555,201810
1185,A,골목상권,1000426,증산로5길,191711,453807,11380,11380640,201810
1186,A,골목상권,1000427,증산로9길,191846,454047,11380,11380640,201810
1187,D,발달상권,1001192,서울 중구 충무로역_1,199652,451237,11140,11140570,201810
1188,D,발달상권,1001199,서울 중구 충무로역_2,199359,451475,11140,11140570,201810
1189,D,발달상권,1001200,북창동,198022,451482,11140,11140520,201810
1190,D,발달상권,1001201,서울 중구 신당역_1,201568,451685,11140,11140650,201810
1191,D,발달상권,1001202,롯데백화점,198292,451672,11140,11140520,201810
1192,D,발달상권,1001203,명동거리,198608,451458,11140,11140550,201810
1193,D,발달상권,1001231,서울 동대문구 신설동역_2,202224,452915,11230,11230536,201810
1194,D,발달상권,1001232,서울 종로구 종로3가역_2,199097,452506,11110,11110615,201810
1195,D,발달상권,1001183,서울 마포구 홍대입구역_2,193028,450873,11440,11440660,201810
1196,D,발달상권,1001184,서울 마포구 홍대입구역_3,193226,450868,11440,11440660,201810
1197,D,발달상권,1001185,서울 서대문구 신촌역,194426,450896,11410,11410585,201810
1198,D,발달상권,1001186,서울 서대문구 이대역,195103,450960,11410,11410585,201810
1199,D,발달상권,1001187,한양시장,203544,451149,11200,11200550,201810
1200,D,발달상권,1001188,장충동 족발거리,200472,451192,11140,11140580,201810
1201,D,발달상권,1001189,서울 중구 명동역,198675,451131,11140,11140550,201810
1202,D,발달상권,1001190,장한평역,205385,450835,11200,11200790,201810
1203,A,골목상권,1000229,동일로101길,206862,454341,11260,11260520,201810
1204,A,골목상권,1000230,동일로112길,207348,454937,11260,11260590,201810
1205,A,골목상권,1000757,상도로15길,194254,444915,11590,11590540,201810
1206,A,골목상권,1000758,상도로37길,195657,444621,11590,11590530,201810
1207,A,골목상권,1000860,바우뫼로39길,203513,442430,11650,11650651,201810
1208,A,골목상권,1000861,반포대로9길,200664,442553,11650,11650530,201810
1209,A,골목상권,1000526,목동중앙본로7길,188239,448923,11470,11470540,201810
1210,A,골목상권,1000428,증산서길,191500,453388,11380,11380640,201810
1211,A,골목상권,1000429,진흥로12길,193619,456389,11380,11380510,201810
1212,A,골목상권,1000430,진흥로1길,192822,455980,11380,11380625,201810
1213,A,골목상권,1000431,통일로69길,193441,456794,11380,11380570,201810
1214,A,골목상권,1000056,두텁바위로1길,197753,449703,11170,11170530,201810
1215,D,발달상권,1001073,서울 강남구 역삼역_1,203107,444234,11680,11680640,201810
1216,D,발달상권,1001074,대림역_2,190394,444314,11530,11530560,201810
1217,D,발달상권,1001075,역삼역_2,203523,444615,11680,11680650,201810
1218,D,발달상권,1001076,구로역,189639,444699,11530,11530560,201810
1219,D,발달상권,1001077,선릉역_1,204125,444844,11680,11680650,201810
1220,D,발달상권,1001078,서울 강남구 강남역_2,202176,444599,11650,11650531,201810
1221,D,발달상권,1001079,석촌역,209443,445020,11710,11710600,201810
1222,D,발달상권,1001080,서울 송파구 석촌역_1,209584,445107,11710,11710580,201810
1223,D,발달상권,1001105,서울 동작구 노량진역,195061,445934,11590,11590510,201810
1224,D,발달상권,1001206,서대문구 서대문역_2,196937,451764,11410,11410565,201810
1225,D,발달상권,1001207,서울 중구 신당역_2,201282,451912,11140,11140615,201810
1226,D,발달상권,1001208,서울 중구 을지로3가역_2,199279,451982,11140,11140605,201810
1227,D,발달상권,1001252,서울 강북구 미아삼거리역_2,202544,457073,11290,11290685,201810
1228,D,발달상권,1001253,서울 은평구 연신내역_1,193001,457603,11380,11380570,201810
1229,D,발달상권,1001254,서울 은평구 연신내역_2,192866,457727,11380,11380551,201810
1230,D,발달상권,1001256,서울 강북구 수유역_1,202294,459771,11305,11305590,201810
1231,D,발달상권,1001257,서울 강북구 수유역_2,202180,459896,11305,11305630,201810
1232,D,발달상권,1001258,등나무근린공원 주변,206032,460099,11350,11350625,201810
1233,A,골목상권,1000017,종로24길,199432,452217,11110,11110615,201810
1234,A,골목상권,1000018,종로58가길,201450,452547,11110,11110710,201810
1235,A,골목상권,1000734,국사봉2길,193735,444206,11590,11590680,201810
1236,A,골목상권,1000735,국사봉길,194011,444042,11590,11590550,201810
1237,A,골목상권,1000736,노량진로6길,194329,445577,11590,11590520,201810
1238,A,골목상권,1000737,대방동27길,193292,444886,11590,11590660,201810
1239,A,골목상권,1000016,자하문로7길,197379,453282,11110,11110530,201810
1240,A,골목상권,1000557,강서로29길,185826,448855,11500,11500540,201810
1241,A,골목상권,1000558,강서로35길,185522,449253,11500,11500560,201810
1242,A,골목상권,1000057,백범로79길,196831,449018,11170,11170580,201810
1243,A,골목상권,1000058,백범로90길,197278,448613,11170,11170560,201810
1244,A,골목상권,1000059,서빙고로71길,199574,446971,11170,11170690,201810
1245,A,골목상권,1000060,소월로20길,198714,449398,11170,11170520,201810
1246,A,골목상권,1000061,신흥로20길,198533,449730,11170,11170510,201810
1247,A,골목상권,1000207,제기로5길,203139,454232,11230,11230545,201810
1248,A,골목상권,1000208,천장산로7길,204964,455433,11230,11230740,201810
1249,A,골목상권,1000209,천호대로12길,202577,452510,11230,11230536,201810
1250,D,발달상권,1001107,방이동 먹자골목,209627,446080,11710,11710562,201810
1251,D,발달상권,1001108,학동역,202585,446097,11680,11680521,201810
1252,D,발달상권,1001109,강남구 논현역_4,201666,445973,11650,11650540,201810
1253,D,발달상권,1001110,잠실역,209063,446215,11710,11710710,201810
1254,D,발달상권,1001111,서울 강남구 강남구청역_1,203483,446247,11680,11680531,201810
1255,D,발달상권,1001112,서울 강남구 학동역_3,202905,446228,11680,11680531,201810
1256,D,발달상권,1001113,서울 동작구 노량진1동_1,194866,446148,11590,11590510,201810
1257,D,발달상권,1001106,서울 강남구 학동역_2,202926,446087,11680,11680531,201810
1258,D,발달상권,1001114,강남구 신사역_1,201542,446333,11650,11650540,201810
1259,D,발달상권,1001260,창동역,204324,461465,11320,11320514,201810
1260,D,발달상권,1001261,서울 노원구 노원역_1,205532,461611,11350,11350695,201810
1261,D,발달상권,1001262,서울 노원구 노원역_2,205198,461669,11350,11350695,201810
1262,D,발달상권,1001263,서울 노원구 노원역_3,205516,461822,11350,11350640,201810
1263,D,발달상권,1001217,서울 종로구 종로5가역_1,200123,452320,11110,11110630,201810
1264,D,발달상권,1001255,서울 은평구 연신내역_3,192979,457903,11380,11380530,201810
1265,D,발달상권,1001259,서울 강북구 수유역_3,202401,460138,11305,11305630,201810
1266,R,전통시장,1001310,구의시장,207818,449558,11215,11215860,201810
1267,R,전통시장,1001322,동부시장,204647,451975,11230,11230600,201810
1268,R,전통시장,1001323,답십리시장,205141,452679,11230,11230610,201810
1269,R,전통시장,1001324,전곡시장,206080,453173,11230,11230660,201810
1270,R,전통시장,1001325,청량리청과물시장,203815,453397,11230,11230545,201810
1271,A,골목상권,1000541,은행정로7길,187394,447031,11470,11470650,201810
1272,A,골목상권,1000767,성대로29길,194496,444540,11590,11590560,201810
1273,A,골목상권,1000768,신대방길,192072,443288,11590,11590670,201810
1274,A,골목상권,1000769,양녕로26길,195036,444128,11590,11590560,201810
1275,A,골목상권,1000422,증산로13길,192161,454290,11380,11380640,201810
1276,A,골목상권,1000423,증산로15길,191872,454494,11380,11380632,201810
1277,A,골목상권,1000210,천호대로17길,202858,452970,11230,11230536,201810
1278,A,골목상권,1000211,천호대로45길,203787,452855,11230,11230536,201810
1279,A,골목상권,1000221,휘경로3길,205568,455328,11230,11230740,201810
1280,A,골목상권,1000289,인촌로17가길,202091,454230,11290,11290600,201810
1281,A,골목상권,1000290,인촌로1길,201677,454195,11290,11290610,201810
1282,A,골목상권,1000291,개운사길,202604,454271,11290,11290600,201810
1283,A,골목상권,1000292,인촌로24길,202604,453815,11290,11290600,201810
1284,D,발달상권,1001115,서울 강남구 강남구청역_2,203357,446378,11680,11680531,201810
1285,D,발달상권,1001116,영등포역_1,192076,446422,11560,11560535,201810
1286,D,발달상권,1001117,강남구 신사역_2,202085,446380,11680,11680521,201810
1287,D,발달상권,1001118,문래동 주민센터,191040,446252,11560,11560605,201810
1288,D,발달상권,1001119,영등포역_2,191929,446538,11560,11560535,201810
1289,D,발달상권,1001082,선릉역_2,204689,444957,11680,11680630,201810
1290,D,발달상권,1001083,서울 송파구 석촌역_2,209524,445199,11710,11710580,201810
1291,D,발달상권,1001084,서울 강남구 선릉역_1,204433,445167,11680,11680590,201810
1292,R,전통시장,1001326,회기시장,204908,454618,11230,11230710,201810
1293,R,전통시장,1001327,이경시장,205837,455017,11230,11230720,201810
1294,R,전통시장,1001328,이문제일시장,205511,456110,11230,11230750,201810
1295,R,전통시장,1001329,동부골목시장,206792,454766,11260,11260590,201810
1296,R,전통시장,1001330,동원시장,208013,454486,11260,11260565,201810
1297,R,전통시장,1001331,면목골목시장,207494,453154,11260,11260570,201810
1298,R,전통시장,1001285,합동(새벽)시장,197137,451173,11140,11140680,201810
1299,R,전통시장,1001294,마장축산물시장,203566,452297,11200,11200540,201810
1300,R,전통시장,1001295,행당시장,202951,451270,11200,11200560,201810
1301,R,전통시장,1001296,금남시장,201970,449892,11200,11200615,201810
1302,R,전통시장,1001297,뚝도시장,204817,448747,11200,11200670,201810
1303,A,골목상권,1000370,방학로15길,202133,462195,11320,11320710,201810
1304,A,골목상권,1000371,방학로5길,203319,462234,11320,11320670,201810
1305,A,골목상권,1000372,방학로6가길,203292,462755,11320,11320690,201810
1306,A,골목상권,1000373,삼양로144길,201226,461253,11320,11320660,201810
1307,A,골목상권,1000374,시루봉로23길,203746,463694,11320,11320521,201810
1308,A,골목상권,1000369,방학로10길,202981,462736,11320,11320700,201810
1309,A,골목상권,1000375,우이천로32길,202238,461174,11320,11320660,201810
1310,A,골목상권,1000293,인촌로5길,201816,454390,11290,11290600,201810
1311,A,골목상권,1000294,인촌로6길,201886,453709,11290,11290610,201810
1312,A,골목상권,1000212,천호대로77길,205537,451598,11230,11230650,201810
1313,A,골목상권,1000213,천호대로97길,206223,451471,11230,11230650,201810
1314,A,골목상권,1000214,한천로14길,205777,451945,11230,11230650,201810
1315,A,골목상권,1000215,한천로33길,205926,453093,11230,11230570,201810
1316,A,골목상권,1000273,보국문로16길,200903,456997,11290,11290650,201810
1317,A,골목상권,1000274,보문로13길,201841,453388,11290,11290610,201810
1318,D,발달상권,1001085,서울 서초구 강남역,202701,444730,11680,11680640,201810
1319,D,발달상권,1001086,고속터미널역,200518,445031,11650,11650581,201810
1320,D,발달상권,1001087,서울 강남구 선릉역_2,204007,445054,11680,11680640,201810
1321,D,발달상권,1001088,삼성역_1,205337,445247,11680,11680610,201810
1322,D,발달상권,1001066,서울 강남구 강남역,202696,444064,11680,11680640,201810
1323,D,발달상권,1001067,오류동역,186098,444015,11530,11530770,201810
1324,D,발달상권,1001068,은마아파트입구사거리_2,205514,444398,11680,11680610,201810
1325,R,전통시장,1001298,성동용답상가시장,204625,451565,11200,11200790,201810
1326,R,전통시장,1001311,동부청과시장,203796,453091,11230,11230536,201810
1327,R,전통시장,1001312,용두시장,202629,453215,11230,11230536,201810
1328,R,전통시장,1001313,청량리수산시장,203666,453187,11230,11230536,201810
1329,R,전통시장,1001314,경동시장,203447,453307,11230,11230545,201810
1330,R,전통시장,1001315,동서시장,203658,453368,11230,11230545,201810
1331,R,전통시장,1001316,서울약령시장,203313,453621,11230,11230545,201810
1332,R,전통시장,1001317,청량리농수산물시장,203638,453503,11230,11230545,201810
1333,R,전통시장,1001318,청량리전통시장,203766,453471,11230,11230545,201810
1334,R,전통시장,1001319,청량리종합시장,203566,453322,11230,11230545,201810
1335,R,전통시장,1001320,전농로터리시장,205011,453130,11230,11230560,201810
1336,R,전통시장,1001321,답십리현대시장,205255,451917,11230,11230610,201810
1337,R,전통시장,1001299,한아름시장,206177,449338,11215,11215710,201810
1338,A,골목상권,1000277,보문로32길,201778,454576,11290,11290575,201810
1339,A,골목상권,1000278,삼선교로10길,200854,454139,11290,11290555,201810
1340,A,골목상권,1000279,삼선교로10다길,200773,453904,11290,11290555,201810
1341,A,골목상권,1000280,삼선교로16가길,201020,453872,11290,11290555,201810
1342,A,골목상권,1000064,우사단로4길,199868,447913,11170,11170700,201810
1343,A,골목상권,1000065,원효로19길,195898,448189,11170,11170570,201810
1344,A,골목상권,1000066,원효로41길,196180,448370,11170,11170570,201810
1345,A,골목상권,1000275,보문로26길,201886,454183,11290,11290600,201810
1346,A,골목상권,1000276,보문로31길,201385,454290,11290,11290555,201810
1347,D,발달상권,1001045,동작구 총신대입구역_1,198304,442948,11590,11590630,201810
1348,D,발달상권,1001046,서울 관악구 신림역_4,193828,443001,11620,11620695,201810
1349,D,발달상권,1001047,뱅뱅사거리_1,202960,443242,11680,11680655,201810
1350,D,발달상권,1001048,뱅뱅사거리,202638,443504,11650,11650520,201810
1351,D,발달상권,1001049,개봉동 현대아파트 인근,187247,443356,11530,11530760,201810
1352,D,발달상권,1001050,교대역_1,201023,443482,11650,11650530,201810
1353,D,발달상권,1001069,은마아파트입구사거리_3,205282,444402,11680,11680630,201810
1354,D,발달상권,1001070,은마아파트입구사거리_4,205466,444479,11680,11680610,201810
1355,D,발달상권,1001071,서울 강남구 한티역,204738,444303,11680,11680630,201810
1356,D,발달상권,1001165,서울 광진구 건대입구역_2,206151,449134,11215,11215710,201810
1357,D,발달상권,1001166,서울 마포구 마포역_2,195156,449005,11440,11440590,201810
1358,D,발달상권,1001167,서울 마포구 공덕역_1,195722,449271,11440,11440565,201810
1359,D,발달상권,1001089,삼정역_1,203222,445342,11680,11680640,201810
1360,D,발달상권,1001090,삼정역_2,203114,445442,11680,11680531,201810
1361,D,발달상권,1001091,삼성역_2,205759,445433,11680,11680610,201810
1362,R,전통시장,1001300,화양제일골목시장,206096,449274,11215,11215710,201810
1363,R,전통시장,1001301,중곡제일시장,207176,451590,11215,11215740,201810
1364,R,전통시장,1001302,면곡골목시장,207134,452395,11215,11215760,201810
1365,R,전통시장,1001303,신성골목시장,207808,450932,11215,11215770,201810
1366,R,전통시장,1001304,자양골목시장,207042,448309,11215,11215820,201810
1367,R,전통시장,1001305,자양종합시장,206753,448042,11215,11215830,201810
1368,R,전통시장,1001306,노룬산골목시장,205742,448568,11215,11215847,201810
1369,R,전통시장,1001307,능동로골목시장,205899,448403,11215,11215840,201810
1370,R,전통시장,1001308,영동교골목시장,205654,448727,11215,11215847,201810
1371,R,전통시장,1001273,남대문시장,198091,451149,11140,11140540,201810
1372,R,전통시장,1001274,신중부시장,200023,451785,11140,11140590,201810
1373,R,전통시장,1001275,인현시장,199564,451525,11140,11140590,201810
1374,R,전통시장,1001276,평화시장,200710,452148,11140,11140590,201810
1375,A,골목상권,1000067,원효로53길,196681,448648,11170,11170590,201810
1376,A,골목상권,1000068,원효로89길,197234,449086,11170,11170560,201810
1377,A,골목상권,1000069,이촌로22길,196081,447371,11170,11170640,201810
1378,A,골목상권,1000070,이태원로27길,199453,448497,11170,11170650,201810
1379,A,골목상권,1000152,아차산로51길,207482,448936,11215,11215850,201810
1380,A,골목상권,1000153,아차산로55길,207733,448875,11215,11215850,201810
1381,A,골목상권,1000154,아차산로65길,208193,449251,11215,11215870,201810
1382,D,발달상권,1001051,보라매공원,193371,443527,11590,11590680,201810
1383,D,발달상권,1001052,뱅뱅사거리_2,202873,443583,11680,11680640,201810
1384,D,발달상권,1001053,서울 강남구 대치역_1,205462,443761,11680,11680600,201810
1385,D,발달상권,1001022,관악구 사당역_2,198281,442081,11590,11590620,201810
1386,D,발달상권,1001023,가산디지털단지역_2,189388,442499,11545,11545510,201810
1387,D,발달상권,1001024,관악구 사당역_1,198513,442082,11650,11650610,201810
1388,D,발달상권,1001025,서울 관악구 서울대입구역_1,195788,442367,11620,11620595,201810
1389,D,발달상권,1001026,구로디지털단지역,190126,442380,11530,11530595,201810
1390,D,발달상권,1001092,강남구 논현역_1,201940,445256,11650,11650560,201810
1391,D,발달상권,1001093,신천역,207224,445640,11710,11710650,201810
1392,D,발달상권,1001094,선정릉역_1,204141,445689,11680,11680590,201810
1393,D,발달상권,1001095,강남구 논현역_2,202208,445400,11680,11680521,201810
1394,D,발달상권,1001096,신도림역,190279,445432,11530,11530510,201810
1395,D,발달상권,1001097,잠실역 롯데월드,208671,445771,11710,11710680,201810
1396,R,전통시장,1001277,방산종합시장,200011,452055,11140,11140605,201810
1397,R,전통시장,1001264,통인시장,197342,453459,11110,11110515,201810
1398,R,전통시장,1001265,광장시장,199948,452270,11110,11110615,201810
1399,R,전통시장,1001266,동대문종합시장,200715,452320,11110,11110630,201810
1400,R,전통시장,1001267,종로신진시장,200468,452314,11110,11110630,201810
1401,R,전통시장,1001268,충신시장,200505,452729,11110,11110630,201810
1402,R,전통시장,1001269,동문시장,200983,452333,11110,11110670,201810
1403,R,전통시장,1001270,창신골목시장,201018,452590,11110,11110680,201810
1404,R,전통시장,1001272,신설종합시장,201854,452569,11110,11110710,201810
1405,R,전통시장,1001286,후암시장,197904,450124,11170,11170510,201810
1406,R,전통시장,1001287,신흥시장,198680,449527,11170,11170520,201810
1407,R,전통시장,1001288,만리시장,196790,450197,11170,11170555,201810
1408,R,전통시장,1001289,용문전통시장,196488,448561,11170,11170590,201810
1409,R,전통시장,1001290,이촌종합시장,197769,446791,11170,11170630,201810
1410,R,전통시장,1001291,이태원시장,199063,448266,11170,11170650,201810
1411,A,골목상권,1000155,아차산로78길,209529,449647,11215,11215810,201810
1412,A,골목상권,1000156,용마산로21길,207516,451467,11215,11215750,201810
1413,A,골목상권,1000157,용마산로3길,207500,450785,11215,11215750,201810
1414,A,골목상권,1000158,자양로11길,207326,448272,11215,11215820,201810
1415,A,골목상권,1000295,장월로1길,203962,456285,11290,11290725,201810
1416,A,골목상권,1000296,장위로50길,205038,457231,11290,11290780,201810
1417,A,골목상권,1000297,정릉로26길,201022,456027,11290,11290630,201810
1418,D,발달상권,1001027,가산디지털단지역_3,189955,442117,11545,11545510,201810
1419,D,발달상권,1001028,서울 관악구 서울대입구역_2,196006,442715,11620,11620575,201810
1420,D,발달상권,1001029,양재역_1,202809,442502,11650,11650651,201810
1421,D,발달상권,1001011,서울 금천구 시흥1동_4,191286,439286,11545,11545670,201810
1422,D,발달상권,1001012,양재 화물트럭터미널앞_1,203161,440282,11650,11650652,201810
1423,D,발달상권,1001013,양재 화물트럭터미널앞_2,203269,440563,11650,11650652,201810
1424,D,발달상권,1001014,양재동 꽃시장,203547,440820,11650,11650652,201810
1425,D,발달상권,1001015,서울 금천구 독산1동_1,190842,441181,11545,11545610,201810
1426,D,발달상권,1001016,서울 관악구 대학동_1,194671,441227,11620,11620735,201810
1427,D,발달상권,1001098,포스코사거리_1,204775,445500,11680,11680590,201810
1428,D,발달상권,1001099,포스코사거리_2,204973,445586,11680,11680580,201810
1429,D,발달상권,1001100,강남구 논현역_3,201931,445848,11680,11680521,201810
1430,D,발달상권,1001101,선정릉역_2,204085,445833,11680,11680590,201810
1431,D,발달상권,1001102,서울 강남구 학동역_1,202606,445905,11680,11680521,201810
1432,D,발달상권,1001103,코엑스,205283,445735,11680,11680580,201810
1433,D,발달상권,1001104,삼성역_3,205648,445805,11680,11680580,201810
1434,D,발달상권,1001054,서울 강남구 대치역_2,205280,443785,11680,11680600,201810
1435,D,발달상권,1001055,서울 서초구 서초역,200791,443762,11650,11650530,201810
1436,D,발달상권,1001056,서울 송파구 가락시장역,210540,443838,11710,11710620,201810
1437,R,전통시장,1001292,이태원제일시장,198921,448849,11170,11170660,201810
1438,R,전통시장,1001293,보광시장,200033,447503,11170,11170700,201810
1439,R,전통시장,1001278,남평화시장,200955,452181,11140,11140615,201810
1440,R,전통시장,1001279,동평화시장,201155,452190,11140,11140615,201810
1441,R,전통시장,1001280,제일평화시장,201022,452093,11140,11140615,201810
1442,R,전통시장,1001281,청평화시장,201326,452228,11140,11140615,201810
1443,R,전통시장,1001282,약수시장,200933,450362,11140,11140635,201810
1444,R,전통시장,1001283,백학시장,201714,451574,11140,11140650,201810
1445,R,전통시장,1001284,서울중앙시장,201735,451936,11140,11140670,201810
1446,R,전통시장,1001309,조양시장,205964,448825,11215,11215847,201810
1447,R,전통시장,1001368,연서시장,193085,457778,11380,11380530,201810
1448,R,전통시장,1001369,갈현시장,192709,458241,11380,11380551,201810
1449,R,전통시장,1001370,역촌중앙시장,192603,457080,11380,11380552,201810
1450,R,전통시장,1001371,대조시장,193542,456660,11380,11380570,201810
1451,A,골목상권,1000377,해등로16길,203765,461761,11320,11320515,201810
1452,A,골목상권,1000378,공릉로58길,206529,459618,11350,11350611,201810
1453,A,골목상권,1000298,정릉로27길,201136,456377,11290,11290630,201810
1454,A,골목상권,1000299,정릉로8길,199817,456396,11290,11290640,201810
1455,A,골목상권,1000300,종암로16길,203263,455409,11290,11290705,201810
1456,A,골목상권,1000376,우이천로4다길,203558,459512,11320,11320513,201810
1457,D,발달상권,1001017,관악구 사당역_3,198317,441788,11620,11620630,201810
1458,D,발달상권,1001018,포이사거리_2,203907,441907,11650,11650652,201810
1459,D,발달상권,1001019,포이사거리_1,204078,441953,11680,11680690,201810
1460,D,발달상권,1001020,장지역,210795,441986,11710,11710642,201810
1461,D,발달상권,1001021,가산디지털단지역_1,189789,441401,11545,11545510,201810
1462,D,발달상권,1001038,구로디지탈1단지,190721,442712,11530,11530540,201810
1463,D,발달상권,1001039,서울 서초구 남부터미널역_2,201211,442998,11650,11650530,201810
1464,D,발달상권,1001040,서울 관악구 신림역_3,193679,442896,11620,11620695,201810
1465,D,발달상권,1001041,서울 강남구 수서역,209143,443137,11680,11680750,201810
1466,D,발달상권,1001057,교대역_2,201412,443757,11650,11650510,201810
1467,D,발달상권,1001058,역삼역_1,203292,443852,11680,11680640,201810
1468,D,발달상권,1001059,교대역_3,201065,443865,11650,11650530,201810
1469,D,발달상권,1001060,가락시장,210036,443852,11710,11710631,201810
1470,D,발달상권,1001061,방배동카페골목,198796,443913,11650,11650590,201810
1471,D,발달상권,1001062,서울 강남구 강남역_1,202416,443988,11650,11650520,201810
1472,D,발달상권,1001181,서울 광진구 군자역,206935,450796,11215,11215730,201810
1473,D,발달상권,1001123,학동사거리_1,203226,446892,11680,11680531,201810
1474,R,전통시장,1001490,길동복조리시장,212698,448781,11740,11740685,201810
1475,R,전통시장,1001332,사가정시장,207989,453527,11260,11260575,201810
1476,R,전통시장,1001333,중화제일시장,206662,456140,11260,11260630,201810
1477,R,전통시장,1001334,태능시장,206759,455413,11260,11260610,201810
1478,R,전통시장,1001335,묵1동도깨비시장,207147,457479,11260,11260620,201810
1479,R,전통시장,1001336,우림골목시장,208659,455348,11260,11260655,201810
1480,R,전통시장,1001337,유영시장,208553,454672,11260,11260660,201810
1481,R,전통시장,1001338,돈암제일시장,201402,454703,11290,11290555,201810
1482,R,전통시장,1001377,영천시장,196581,452325,11410,11410520,201810
1483,A,골목상권,1000379,동일로173가길,206395,458052,11350,11350595,201810
1484,A,골목상권,1000380,동일로192길,206671,458471,11350,11350595,201810
1485,A,골목상권,1000381,동일로242길,205175,463916,11350,11350630,201810
1486,A,골목상권,1000071,이태원로54길,200121,448560,11170,11170685,201810
1487,A,골목상권,1000072,장문로45길,200041,447690,11170,11170700,201810
1488,A,골목상권,1000073,청파로47길,197165,449449,11170,11170555,201810
1489,D,발달상권,1001042,서울 서초구 남부터미널역_3,201432,443037,11650,11650510,201810
1490,D,발달상권,1001043,동작구 총신대입구역_2,198499,442941,11650,11650621,201810
1491,D,발달상권,1001044,양재역_3,202755,443008,11650,11650520,201810
1492,D,발달상권,1001030,양재역_2,203216,442691,11650,11650651,201810
1493,D,발달상권,1001031,서울 관악구 신림역_1,193706,442615,11620,11620645,201810
1494,D,발달상권,1001032,서울 관악구 신림역_2,193880,442602,11620,11620645,201810
1495,D,발달상권,1001033,서울 서초구 남부터미널역_1,201661,442764,11650,11650510,201810
